class,recall,precision
1 NSR,1.0,0.285
1 NSR,1.0,0.2864321608040201
1 NSR,1.0,0.2878787878787879
1 NSR,1.0,0.2893401015228426
1 NSR,1.0,0.29081632653061223
1 NSR,1.0,0.2923076923076923
1 NSR,1.0,0.29381443298969073
1 NSR,1.0,0.29533678756476683
1 NSR,1.0,0.296875
1 NSR,1.0,0.29842931937172773
1 NSR,1.0,0.3
1 NSR,1.0,0.30158730158730157
1 NSR,1.0,0.30319148936170215
1 NSR,1.0,0.3048128342245989
1 NSR,1.0,0.3064516129032258
1 NSR,1.0,0.3081081081081081
1 NSR,1.0,0.30978260869565216
1 NSR,1.0,0.3114754098360656
1 NSR,1.0,0.3131868131868132
1 NSR,1.0,0.3149171270718232
1 NSR,1.0,0.31666666666666665
1 NSR,1.0,0.31843575418994413
1 NSR,1.0,0.3202247191011236
1 NSR,1.0,0.3220338983050847
1 NSR,1.0,0.32386363636363635
1 NSR,1.0,0.32571428571428573
1 NSR,1.0,0.3275862068965517
1 NSR,1.0,0.32947976878612717
1 NSR,1.0,0.3313953488372093
1 NSR,1.0,0.3333333333333333
1 NSR,1.0,0.3352941176470588
1 NSR,1.0,0.33727810650887574
1 NSR,1.0,0.3392857142857143
1 NSR,1.0,0.3413173652694611
1 NSR,1.0,0.3433734939759036
1 NSR,1.0,0.34545454545454546
1 NSR,1.0,0.3475609756097561
1 NSR,1.0,0.3496932515337423
1 NSR,1.0,0.35185185185185186
1 NSR,1.0,0.35403726708074534
1 NSR,1.0,0.35625
1 NSR,1.0,0.3584905660377358
1 NSR,1.0,0.36075949367088606
1 NSR,1.0,0.3630573248407643
1 NSR,1.0,0.36538461538461536
1 NSR,1.0,0.36774193548387096
1 NSR,1.0,0.37012987012987014
1 NSR,1.0,0.37254901960784315
1 NSR,1.0,0.375
1 NSR,1.0,0.37748344370860926
1 NSR,1.0,0.38
1 NSR,1.0,0.3825503355704698
1 NSR,1.0,0.38513513513513514
1 NSR,1.0,0.3877551020408163
1 NSR,1.0,0.3904109589041096
1 NSR,1.0,0.3931034482758621
1 NSR,1.0,0.3958333333333333
1 NSR,1.0,0.3986013986013986
1 NSR,1.0,0.4014084507042254
1 NSR,1.0,0.40425531914893614
1 NSR,1.0,0.40714285714285714
1 NSR,1.0,0.41007194244604317
1 NSR,1.0,0.41304347826086957
1 NSR,1.0,0.41605839416058393
1 NSR,1.0,0.41911764705882354
1 NSR,1.0,0.4222222222222222
1 NSR,1.0,0.4253731343283582
1 NSR,1.0,0.42857142857142855
1 NSR,1.0,0.4318181818181818
1 NSR,1.0,0.4351145038167939
1 NSR,1.0,0.43846153846153846
1 NSR,1.0,0.4418604651162791
1 NSR,1.0,0.4453125
1 NSR,1.0,0.44881889763779526
1 NSR,1.0,0.4523809523809524
1 NSR,1.0,0.456
1 NSR,1.0,0.4596774193548387
1 NSR,1.0,0.4634146341463415
1 NSR,1.0,0.4672131147540984
1 NSR,1.0,0.475
1 NSR,1.0,0.4789915966386555
1 NSR,1.0,0.4830508474576271
1 NSR,1.0,0.48717948717948717
1 NSR,1.0,0.49137931034482757
1 NSR,1.0,0.4956521739130435
1 NSR,1.0,0.5
1 NSR,1.0,0.504424778761062
1 NSR,1.0,0.5089285714285714
1 NSR,1.0,0.5135135135135135
1 NSR,1.0,0.5181818181818182
1 NSR,1.0,0.5229357798165137
1 NSR,1.0,0.5277777777777778
1 NSR,1.0,0.5327102803738317
1 NSR,1.0,0.5377358490566038
1 NSR,1.0,0.5428571428571428
1 NSR,1.0,0.5480769230769231
1 NSR,1.0,0.5533980582524272
1 NSR,1.0,0.5588235294117647
1 NSR,1.0,0.5643564356435643
1 NSR,1.0,0.57
1 NSR,0.9824561403508771,0.5656565656565656
1 NSR,0.9824561403508771,0.5714285714285714
1 NSR,0.9824561403508771,0.5773195876288659
1 NSR,0.9824561403508771,0.5833333333333334
1 NSR,0.9824561403508771,0.5894736842105263
1 NSR,0.9824561403508771,0.5957446808510638
1 NSR,0.9824561403508771,0.6021505376344086
1 NSR,0.9824561403508771,0.6086956521739131
1 NSR,0.9824561403508771,0.6153846153846154
1 NSR,0.9824561403508771,0.6222222222222222
1 NSR,0.9824561403508771,0.6292134831460674
1 NSR,0.9824561403508771,0.6363636363636364
1 NSR,0.9824561403508771,0.6436781609195402
1 NSR,0.9824561403508771,0.6511627906976745
1 NSR,0.9824561403508771,0.6588235294117647
1 NSR,0.9824561403508771,0.6666666666666666
1 NSR,0.9824561403508771,0.6746987951807228
1 NSR,0.9824561403508771,0.6829268292682927
1 NSR,0.9824561403508771,0.691358024691358
1 NSR,0.9824561403508771,0.7
1 NSR,0.9824561403508771,0.7088607594936709
1 NSR,0.9824561403508771,0.717948717948718
1 NSR,0.9824561403508771,0.7272727272727273
1 NSR,0.9824561403508771,0.7368421052631579
1 NSR,0.9824561403508771,0.7466666666666667
1 NSR,0.9824561403508771,0.7567567567567568
1 NSR,0.9824561403508771,0.7671232876712328
1 NSR,0.9824561403508771,0.7777777777777778
1 NSR,0.9824561403508771,0.7887323943661971
1 NSR,0.9824561403508771,0.8
1 NSR,0.9824561403508771,0.8115942028985508
1 NSR,0.9649122807017544,0.8088235294117647
1 NSR,0.9649122807017544,0.8208955223880597
1 NSR,0.9649122807017544,0.8333333333333334
1 NSR,0.9649122807017544,0.8461538461538461
1 NSR,0.9473684210526315,0.84375
1 NSR,0.9473684210526315,0.8571428571428571
1 NSR,0.9473684210526315,0.8709677419354839
1 NSR,0.9473684210526315,0.8852459016393442
1 NSR,0.9298245614035088,0.8833333333333333
1 NSR,0.9122807017543859,0.8813559322033898
1 NSR,0.8947368421052632,0.8793103448275862
1 NSR,0.8947368421052632,0.8947368421052632
1 NSR,0.8947368421052632,0.9107142857142857
1 NSR,0.8947368421052632,0.9272727272727272
1 NSR,0.8947368421052632,0.9444444444444444
1 NSR,0.8771929824561403,0.9433962264150944
1 NSR,0.8596491228070176,0.9423076923076923
1 NSR,0.8421052631578947,0.9411764705882353
1 NSR,0.8245614035087719,0.94
1 NSR,0.8070175438596491,0.9387755102040817
1 NSR,0.7894736842105263,0.9375
1 NSR,0.7719298245614035,0.9361702127659575
1 NSR,0.7543859649122807,0.9347826086956522
1 NSR,0.7543859649122807,0.9555555555555556
1 NSR,0.7368421052631579,0.9545454545454546
1 NSR,0.7368421052631579,0.9767441860465116
1 NSR,0.7192982456140351,0.9761904761904762
1 NSR,0.7192982456140351,1.0
1 NSR,0.7017543859649122,1.0
1 NSR,0.6842105263157895,1.0
1 NSR,0.6666666666666666,1.0
1 NSR,0.6491228070175439,1.0
1 NSR,0.631578947368421,1.0
1 NSR,0.6140350877192983,1.0
1 NSR,0.5964912280701754,1.0
1 NSR,0.5789473684210527,1.0
1 NSR,0.5614035087719298,1.0
1 NSR,0.543859649122807,1.0
1 NSR,0.5263157894736842,1.0
1 NSR,0.5087719298245614,1.0
1 NSR,0.49122807017543857,1.0
1 NSR,0.47368421052631576,1.0
1 NSR,0.45614035087719296,1.0
1 NSR,0.43859649122807015,1.0
1 NSR,0.42105263157894735,1.0
1 NSR,0.40350877192982454,1.0
1 NSR,0.38596491228070173,1.0
1 NSR,0.3684210526315789,1.0
1 NSR,0.3508771929824561,1.0
1 NSR,0.3333333333333333,1.0
1 NSR,0.2982456140350877,1.0
1 NSR,0.2807017543859649,1.0
1 NSR,0.2631578947368421,1.0
1 NSR,0.24561403508771928,1.0
1 NSR,0.22807017543859648,1.0
1 NSR,0.21052631578947367,1.0
1 NSR,0.19298245614035087,1.0
1 NSR,0.17543859649122806,1.0
1 NSR,0.15789473684210525,1.0
1 NSR,0.14035087719298245,1.0
1 NSR,0.12280701754385964,1.0
1 NSR,0.10526315789473684,1.0
1 NSR,0.08771929824561403,1.0
1 NSR,0.07017543859649122,1.0
1 NSR,0.05263157894736842,1.0
1 NSR,0.03508771929824561,1.0
1 NSR,0.017543859649122806,1.0
1 NSR,0.0,1.0
10 VT,1.0,0.01
10 VT,1.0,0.010050251256281407
10 VT,1.0,0.010101010101010102
10 VT,1.0,0.01015228426395939
10 VT,1.0,0.01020408163265306
10 VT,1.0,0.010256410256410256
10 VT,1.0,0.010309278350515464
10 VT,1.0,0.010362694300518135
10 VT,1.0,0.010416666666666666
10 VT,1.0,0.010471204188481676
10 VT,1.0,0.010526315789473684
10 VT,1.0,0.010582010582010581
10 VT,1.0,0.010638297872340425
10 VT,1.0,0.0106951871657754
10 VT,1.0,0.010752688172043012
10 VT,1.0,0.010810810810810811
10 VT,1.0,0.010869565217391304
10 VT,1.0,0.01092896174863388
10 VT,1.0,0.01098901098901099
10 VT,1.0,0.011049723756906077
10 VT,1.0,0.011111111111111112
10 VT,1.0,0.0111731843575419
10 VT,1.0,0.011235955056179775
10 VT,1.0,0.011299435028248588
10 VT,1.0,0.011363636363636364
10 VT,1.0,0.011428571428571429
10 VT,1.0,0.011494252873563218
10 VT,1.0,0.011560693641618497
10 VT,1.0,0.011627906976744186
10 VT,1.0,0.011695906432748537
10 VT,1.0,0.011764705882352941
10 VT,1.0,0.011834319526627219
10 VT,1.0,0.011904761904761904
10 VT,1.0,0.011976047904191617
10 VT,1.0,0.012048192771084338
10 VT,1.0,0.012121212121212121
10 VT,1.0,0.012195121951219513
10 VT,1.0,0.012269938650306749
10 VT,1.0,0.012345679012345678
10 VT,1.0,0.012422360248447204
10 VT,1.0,0.0125
10 VT,1.0,0.012658227848101266
10 VT,1.0,0.012738853503184714
10 VT,1.0,0.01282051282051282
10 VT,1.0,0.012903225806451613
10 VT,1.0,0.012987012987012988
10 VT,1.0,0.013071895424836602
10 VT,1.0,0.013157894736842105
10 VT,1.0,0.013245033112582781
10 VT,1.0,0.013333333333333334
10 VT,1.0,0.013422818791946308
10 VT,1.0,0.013513513513513514
10 VT,1.0,0.013605442176870748
10 VT,1.0,0.0136986301369863
10 VT,1.0,0.013793103448275862
10 VT,1.0,0.013888888888888888
10 VT,1.0,0.013986013986013986
10 VT,1.0,0.014084507042253521
10 VT,1.0,0.014184397163120567
10 VT,1.0,0.014285714285714285
10 VT,1.0,0.014388489208633094
10 VT,1.0,0.014492753623188406
10 VT,1.0,0.014598540145985401
10 VT,1.0,0.014705882352941176
10 VT,1.0,0.014814814814814815
10 VT,1.0,0.014925373134328358
10 VT,1.0,0.015037593984962405
10 VT,1.0,0.015151515151515152
10 VT,1.0,0.015267175572519083
10 VT,1.0,0.015384615384615385
10 VT,1.0,0.015503875968992248
10 VT,1.0,0.015625
10 VT,1.0,0.015748031496062992
10 VT,1.0,0.015873015873015872
10 VT,1.0,0.016
10 VT,1.0,0.016129032258064516
10 VT,1.0,0.016260162601626018
10 VT,1.0,0.01639344262295082
10 VT,1.0,0.01652892561983471
10 VT,1.0,0.016666666666666666
10 VT,1.0,0.01680672268907563
10 VT,1.0,0.01694915254237288
10 VT,1.0,0.017094017094017096
10 VT,1.0,0.017241379310344827
10 VT,1.0,0.017391304347826087
10 VT,1.0,0.017543859649122806
10 VT,1.0,0.017699115044247787
10 VT,1.0,0.017857142857142856
10 VT,1.0,0.018018018018018018
10 VT,1.0,0.01818181818181818
10 VT,1.0,0.01834862385321101
10 VT,1.0,0.018518518518518517
10 VT,1.0,0.018691588785046728
10 VT,1.0,0.018867924528301886
10 VT,1.0,0.01904761904761905
10 VT,1.0,0.019230769230769232
10 VT,1.0,0.019417475728155338
10 VT,1.0,0.0196078431372549
10 VT,1.0,0.019801980198019802
10 VT,1.0,0.02
10 VT,1.0,0.020202020202020204
10 VT,1.0,0.02040816326530612
10 VT,1.0,0.020618556701030927
10 VT,1.0,0.020833333333333332
10 VT,1.0,0.021052631578947368
10 VT,1.0,0.02127659574468085
10 VT,1.0,0.021505376344086023
10 VT,1.0,0.021739130434782608
10 VT,1.0,0.02197802197802198
10 VT,1.0,0.022222222222222223
10 VT,1.0,0.02247191011235955
10 VT,1.0,0.022727272727272728
10 VT,1.0,0.022988505747126436
10 VT,1.0,0.023255813953488372
10 VT,1.0,0.023529411764705882
10 VT,1.0,0.023809523809523808
10 VT,1.0,0.024096385542168676
10 VT,1.0,0.024390243902439025
10 VT,1.0,0.024691358024691357
10 VT,1.0,0.025
10 VT,1.0,0.02531645569620253
10 VT,1.0,0.02564102564102564
10 VT,1.0,0.025974025974025976
10 VT,1.0,0.02631578947368421
10 VT,1.0,0.02666666666666667
10 VT,1.0,0.02702702702702703
10 VT,1.0,0.0273972602739726
10 VT,1.0,0.027777777777777776
10 VT,1.0,0.028169014084507043
10 VT,1.0,0.02857142857142857
10 VT,1.0,0.028985507246376812
10 VT,1.0,0.029411764705882353
10 VT,1.0,0.029850746268656716
10 VT,1.0,0.030303030303030304
10 VT,1.0,0.03076923076923077
10 VT,1.0,0.03125
10 VT,1.0,0.031746031746031744
10 VT,1.0,0.03225806451612903
10 VT,1.0,0.03278688524590164
10 VT,1.0,0.03333333333333333
10 VT,1.0,0.034482758620689655
10 VT,1.0,0.03508771929824561
10 VT,1.0,0.03571428571428571
10 VT,1.0,0.03636363636363636
10 VT,1.0,0.037037037037037035
10 VT,1.0,0.03773584905660377
10 VT,1.0,0.038461538461538464
10 VT,1.0,0.0392156862745098
10 VT,1.0,0.04
10 VT,1.0,0.04081632653061224
10 VT,1.0,0.041666666666666664
10 VT,1.0,0.0425531914893617
10 VT,1.0,0.043478260869565216
10 VT,1.0,0.044444444444444446
10 VT,1.0,0.045454545454545456
10 VT,1.0,0.046511627906976744
10 VT,1.0,0.047619047619047616
10 VT,1.0,0.04878048780487805
10 VT,1.0,0.05
10 VT,1.0,0.05128205128205128
10 VT,1.0,0.05263157894736842
10 VT,1.0,0.05405405405405406
10 VT,1.0,0.05555555555555555
10 VT,1.0,0.05714285714285714
10 VT,1.0,0.058823529411764705
10 VT,1.0,0.06060606060606061
10 VT,1.0,0.0625
10 VT,1.0,0.06451612903225806
10 VT,1.0,0.06666666666666667
10 VT,1.0,0.06896551724137931
10 VT,1.0,0.07142857142857142
10 VT,1.0,0.07407407407407407
10 VT,1.0,0.07692307692307693
10 VT,1.0,0.08
10 VT,1.0,0.08333333333333333
10 VT,1.0,0.08695652173913043
10 VT,1.0,0.09090909090909091
10 VT,1.0,0.09523809523809523
10 VT,1.0,0.1
10 VT,1.0,0.10526315789473684
10 VT,1.0,0.1111111111111111
10 VT,1.0,0.11764705882352941
10 VT,1.0,0.125
10 VT,1.0,0.13333333333333333
10 VT,1.0,0.14285714285714285
10 VT,1.0,0.15384615384615385
10 VT,1.0,0.16666666666666666
10 VT,1.0,0.18181818181818182
10 VT,1.0,0.2
10 VT,1.0,0.2222222222222222
10 VT,1.0,0.25
10 VT,1.0,0.2857142857142857
10 VT,1.0,0.3333333333333333
10 VT,1.0,0.4
10 VT,1.0,0.5
10 VT,1.0,0.6666666666666666
10 VT,1.0,1.0
10 VT,0.5,1.0
10 VT,0.0,1.0
11 IVR,1.0,0.01
11 IVR,1.0,0.010050251256281407
11 IVR,1.0,0.010101010101010102
11 IVR,1.0,0.01015228426395939
11 IVR,1.0,0.01020408163265306
11 IVR,1.0,0.010256410256410256
11 IVR,1.0,0.010309278350515464
11 IVR,1.0,0.010362694300518135
11 IVR,1.0,0.010416666666666666
11 IVR,1.0,0.010471204188481676
11 IVR,1.0,0.010526315789473684
11 IVR,1.0,0.010582010582010581
11 IVR,1.0,0.010638297872340425
11 IVR,1.0,0.0106951871657754
11 IVR,1.0,0.010752688172043012
11 IVR,1.0,0.010810810810810811
11 IVR,1.0,0.010869565217391304
11 IVR,1.0,0.01092896174863388
11 IVR,1.0,0.011049723756906077
11 IVR,1.0,0.011111111111111112
11 IVR,1.0,0.0111731843575419
11 IVR,1.0,0.011235955056179775
11 IVR,1.0,0.011299435028248588
11 IVR,1.0,0.011363636363636364
11 IVR,1.0,0.011428571428571429
11 IVR,1.0,0.011494252873563218
11 IVR,1.0,0.011560693641618497
11 IVR,1.0,0.011627906976744186
11 IVR,1.0,0.011695906432748537
11 IVR,1.0,0.011764705882352941
11 IVR,1.0,0.011834319526627219
11 IVR,1.0,0.011904761904761904
11 IVR,1.0,0.011976047904191617
11 IVR,1.0,0.012048192771084338
11 IVR,1.0,0.012121212121212121
11 IVR,1.0,0.012195121951219513
11 IVR,1.0,0.012269938650306749
11 IVR,1.0,0.012345679012345678
11 IVR,1.0,0.012422360248447204
11 IVR,1.0,0.0125
11 IVR,1.0,0.012578616352201259
11 IVR,1.0,0.012658227848101266
11 IVR,1.0,0.012738853503184714
11 IVR,1.0,0.01282051282051282
11 IVR,1.0,0.012903225806451613
11 IVR,1.0,0.012987012987012988
11 IVR,1.0,0.013071895424836602
11 IVR,1.0,0.013157894736842105
11 IVR,1.0,0.013245033112582781
11 IVR,1.0,0.013333333333333334
11 IVR,1.0,0.013422818791946308
11 IVR,1.0,0.013513513513513514
11 IVR,1.0,0.013605442176870748
11 IVR,1.0,0.0136986301369863
11 IVR,1.0,0.013793103448275862
11 IVR,1.0,0.013888888888888888
11 IVR,1.0,0.013986013986013986
11 IVR,1.0,0.014084507042253521
11 IVR,1.0,0.014184397163120567
11 IVR,1.0,0.014285714285714285
11 IVR,1.0,0.014388489208633094
11 IVR,1.0,0.014492753623188406
11 IVR,1.0,0.014598540145985401
11 IVR,1.0,0.014705882352941176
11 IVR,1.0,0.014814814814814815
11 IVR,1.0,0.014925373134328358
11 IVR,1.0,0.015037593984962405
11 IVR,1.0,0.015151515151515152
11 IVR,1.0,0.015267175572519083
11 IVR,1.0,0.015384615384615385
11 IVR,1.0,0.015503875968992248
11 IVR,1.0,0.015625
11 IVR,1.0,0.015748031496062992
11 IVR,1.0,0.015873015873015872
11 IVR,1.0,0.016
11 IVR,1.0,0.016129032258064516
11 IVR,1.0,0.016260162601626018
11 IVR,1.0,0.01639344262295082
11 IVR,1.0,0.01652892561983471
11 IVR,1.0,0.016666666666666666
11 IVR,1.0,0.01680672268907563
11 IVR,1.0,0.01694915254237288
11 IVR,1.0,0.017094017094017096
11 IVR,1.0,0.017241379310344827
11 IVR,1.0,0.017391304347826087
11 IVR,1.0,0.017543859649122806
11 IVR,1.0,0.017699115044247787
11 IVR,1.0,0.017857142857142856
11 IVR,1.0,0.018018018018018018
11 IVR,1.0,0.01818181818181818
11 IVR,1.0,0.01834862385321101
11 IVR,1.0,0.018518518518518517
11 IVR,1.0,0.018691588785046728
11 IVR,1.0,0.018867924528301886
11 IVR,1.0,0.01904761904761905
11 IVR,1.0,0.019230769230769232
11 IVR,1.0,0.019417475728155338
11 IVR,1.0,0.0196078431372549
11 IVR,1.0,0.019801980198019802
11 IVR,1.0,0.02
11 IVR,1.0,0.020202020202020204
11 IVR,1.0,0.02040816326530612
11 IVR,1.0,0.020618556701030927
11 IVR,1.0,0.020833333333333332
11 IVR,1.0,0.021052631578947368
11 IVR,1.0,0.02127659574468085
11 IVR,1.0,0.021505376344086023
11 IVR,1.0,0.021739130434782608
11 IVR,1.0,0.02197802197802198
11 IVR,1.0,0.022222222222222223
11 IVR,1.0,0.02247191011235955
11 IVR,1.0,0.022727272727272728
11 IVR,1.0,0.022988505747126436
11 IVR,1.0,0.023255813953488372
11 IVR,1.0,0.023529411764705882
11 IVR,1.0,0.023809523809523808
11 IVR,1.0,0.024096385542168676
11 IVR,1.0,0.024390243902439025
11 IVR,1.0,0.024691358024691357
11 IVR,1.0,0.025
11 IVR,1.0,0.02531645569620253
11 IVR,1.0,0.02564102564102564
11 IVR,1.0,0.025974025974025976
11 IVR,1.0,0.02631578947368421
11 IVR,1.0,0.02666666666666667
11 IVR,1.0,0.02702702702702703
11 IVR,1.0,0.0273972602739726
11 IVR,1.0,0.027777777777777776
11 IVR,1.0,0.028169014084507043
11 IVR,1.0,0.02857142857142857
11 IVR,1.0,0.028985507246376812
11 IVR,1.0,0.029411764705882353
11 IVR,1.0,0.029850746268656716
11 IVR,1.0,0.030303030303030304
11 IVR,1.0,0.03076923076923077
11 IVR,1.0,0.03125
11 IVR,1.0,0.031746031746031744
11 IVR,1.0,0.03225806451612903
11 IVR,1.0,0.03278688524590164
11 IVR,1.0,0.03333333333333333
11 IVR,1.0,0.03389830508474576
11 IVR,1.0,0.034482758620689655
11 IVR,1.0,0.03508771929824561
11 IVR,1.0,0.03571428571428571
11 IVR,1.0,0.03636363636363636
11 IVR,1.0,0.037037037037037035
11 IVR,1.0,0.03773584905660377
11 IVR,1.0,0.038461538461538464
11 IVR,1.0,0.0392156862745098
11 IVR,1.0,0.04
11 IVR,1.0,0.04081632653061224
11 IVR,1.0,0.041666666666666664
11 IVR,1.0,0.0425531914893617
11 IVR,1.0,0.043478260869565216
11 IVR,1.0,0.044444444444444446
11 IVR,1.0,0.045454545454545456
11 IVR,1.0,0.046511627906976744
11 IVR,1.0,0.04878048780487805
11 IVR,1.0,0.05
11 IVR,1.0,0.05128205128205128
11 IVR,1.0,0.05263157894736842
11 IVR,1.0,0.05405405405405406
11 IVR,1.0,0.05555555555555555
11 IVR,1.0,0.05714285714285714
11 IVR,1.0,0.058823529411764705
11 IVR,1.0,0.06060606060606061
11 IVR,1.0,0.0625
11 IVR,1.0,0.06451612903225806
11 IVR,1.0,0.06666666666666667
11 IVR,1.0,0.06896551724137931
11 IVR,1.0,0.07142857142857142
11 IVR,1.0,0.07407407407407407
11 IVR,1.0,0.07692307692307693
11 IVR,1.0,0.08
11 IVR,1.0,0.08333333333333333
11 IVR,1.0,0.08695652173913043
11 IVR,1.0,0.09090909090909091
11 IVR,1.0,0.09523809523809523
11 IVR,1.0,0.1
11 IVR,1.0,0.10526315789473684
11 IVR,1.0,0.1111111111111111
11 IVR,1.0,0.11764705882352941
11 IVR,1.0,0.125
11 IVR,1.0,0.13333333333333333
11 IVR,1.0,0.14285714285714285
11 IVR,1.0,0.15384615384615385
11 IVR,1.0,0.16666666666666666
11 IVR,1.0,0.18181818181818182
11 IVR,1.0,0.2
11 IVR,1.0,0.2222222222222222
11 IVR,1.0,0.25
11 IVR,1.0,0.2857142857142857
11 IVR,1.0,0.3333333333333333
11 IVR,1.0,0.4
11 IVR,1.0,0.5
11 IVR,0.5,0.3333333333333333
11 IVR,0.5,0.5
11 IVR,0.5,1.0
11 IVR,0.0,1.0
12 VFL,1.0,0.01
12 VFL,1.0,0.010050251256281407
12 VFL,1.0,0.010101010101010102
12 VFL,1.0,0.01015228426395939
12 VFL,1.0,0.01020408163265306
12 VFL,1.0,0.010256410256410256
12 VFL,1.0,0.010309278350515464
12 VFL,1.0,0.010362694300518135
12 VFL,1.0,0.010416666666666666
12 VFL,1.0,0.010471204188481676
12 VFL,1.0,0.010526315789473684
12 VFL,1.0,0.010582010582010581
12 VFL,1.0,0.010638297872340425
12 VFL,1.0,0.0106951871657754
12 VFL,1.0,0.010752688172043012
12 VFL,1.0,0.010810810810810811
12 VFL,1.0,0.010869565217391304
12 VFL,1.0,0.01092896174863388
12 VFL,1.0,0.01098901098901099
12 VFL,1.0,0.011049723756906077
12 VFL,1.0,0.011111111111111112
12 VFL,1.0,0.0111731843575419
12 VFL,1.0,0.011235955056179775
12 VFL,1.0,0.011299435028248588
12 VFL,1.0,0.011363636363636364
12 VFL,1.0,0.011428571428571429
12 VFL,1.0,0.011494252873563218
12 VFL,1.0,0.011560693641618497
12 VFL,1.0,0.011627906976744186
12 VFL,1.0,0.011695906432748537
12 VFL,1.0,0.011764705882352941
12 VFL,1.0,0.011834319526627219
12 VFL,1.0,0.011904761904761904
12 VFL,1.0,0.011976047904191617
12 VFL,1.0,0.012048192771084338
12 VFL,1.0,0.012121212121212121
12 VFL,1.0,0.012195121951219513
12 VFL,1.0,0.012269938650306749
12 VFL,1.0,0.012345679012345678
12 VFL,1.0,0.012422360248447204
12 VFL,1.0,0.0125
12 VFL,1.0,0.012578616352201259
12 VFL,1.0,0.012658227848101266
12 VFL,1.0,0.012738853503184714
12 VFL,1.0,0.01282051282051282
12 VFL,1.0,0.012903225806451613
12 VFL,1.0,0.012987012987012988
12 VFL,1.0,0.013071895424836602
12 VFL,1.0,0.013157894736842105
12 VFL,1.0,0.013245033112582781
12 VFL,1.0,0.013333333333333334
12 VFL,1.0,0.013422818791946308
12 VFL,1.0,0.013513513513513514
12 VFL,1.0,0.013605442176870748
12 VFL,1.0,0.0136986301369863
12 VFL,1.0,0.013793103448275862
12 VFL,1.0,0.013888888888888888
12 VFL,1.0,0.013986013986013986
12 VFL,1.0,0.014084507042253521
12 VFL,1.0,0.014184397163120567
12 VFL,1.0,0.014285714285714285
12 VFL,1.0,0.014388489208633094
12 VFL,1.0,0.014492753623188406
12 VFL,1.0,0.014598540145985401
12 VFL,1.0,0.014705882352941176
12 VFL,1.0,0.014814814814814815
12 VFL,1.0,0.014925373134328358
12 VFL,1.0,0.015037593984962405
12 VFL,1.0,0.015151515151515152
12 VFL,1.0,0.015267175572519083
12 VFL,1.0,0.015384615384615385
12 VFL,1.0,0.015503875968992248
12 VFL,1.0,0.015625
12 VFL,1.0,0.015748031496062992
12 VFL,1.0,0.015873015873015872
12 VFL,1.0,0.016
12 VFL,1.0,0.016129032258064516
12 VFL,1.0,0.016260162601626018
12 VFL,1.0,0.01639344262295082
12 VFL,1.0,0.01652892561983471
12 VFL,1.0,0.016666666666666666
12 VFL,1.0,0.01680672268907563
12 VFL,1.0,0.01694915254237288
12 VFL,1.0,0.017241379310344827
12 VFL,1.0,0.017391304347826087
12 VFL,1.0,0.017543859649122806
12 VFL,1.0,0.017699115044247787
12 VFL,1.0,0.017857142857142856
12 VFL,1.0,0.018018018018018018
12 VFL,1.0,0.01818181818181818
12 VFL,1.0,0.01834862385321101
12 VFL,1.0,0.018518518518518517
12 VFL,1.0,0.018691588785046728
12 VFL,1.0,0.01904761904761905
12 VFL,1.0,0.019230769230769232
12 VFL,1.0,0.019417475728155338
12 VFL,1.0,0.0196078431372549
12 VFL,1.0,0.019801980198019802
12 VFL,1.0,0.02
12 VFL,1.0,0.020202020202020204
12 VFL,1.0,0.02040816326530612
12 VFL,1.0,0.020618556701030927
12 VFL,1.0,0.020833333333333332
12 VFL,1.0,0.021052631578947368
12 VFL,1.0,0.02127659574468085
12 VFL,1.0,0.021505376344086023
12 VFL,1.0,0.021739130434782608
12 VFL,1.0,0.02197802197802198
12 VFL,1.0,0.022222222222222223
12 VFL,1.0,0.02247191011235955
12 VFL,1.0,0.022727272727272728
12 VFL,1.0,0.022988505747126436
12 VFL,1.0,0.023255813953488372
12 VFL,1.0,0.023529411764705882
12 VFL,1.0,0.023809523809523808
12 VFL,1.0,0.024096385542168676
12 VFL,1.0,0.024390243902439025
12 VFL,1.0,0.024691358024691357
12 VFL,1.0,0.025
12 VFL,1.0,0.02531645569620253
12 VFL,1.0,0.02564102564102564
12 VFL,1.0,0.025974025974025976
12 VFL,1.0,0.02631578947368421
12 VFL,1.0,0.02666666666666667
12 VFL,1.0,0.02702702702702703
12 VFL,1.0,0.0273972602739726
12 VFL,1.0,0.027777777777777776
12 VFL,1.0,0.028169014084507043
12 VFL,1.0,0.02857142857142857
12 VFL,1.0,0.028985507246376812
12 VFL,1.0,0.029411764705882353
12 VFL,1.0,0.029850746268656716
12 VFL,1.0,0.030303030303030304
12 VFL,1.0,0.03076923076923077
12 VFL,1.0,0.03125
12 VFL,1.0,0.031746031746031744
12 VFL,1.0,0.03225806451612903
12 VFL,1.0,0.03278688524590164
12 VFL,1.0,0.03333333333333333
12 VFL,1.0,0.03389830508474576
12 VFL,1.0,0.034482758620689655
12 VFL,1.0,0.03508771929824561
12 VFL,1.0,0.03571428571428571
12 VFL,1.0,0.03636363636363636
12 VFL,1.0,0.037037037037037035
12 VFL,1.0,0.03773584905660377
12 VFL,1.0,0.038461538461538464
12 VFL,1.0,0.0392156862745098
12 VFL,1.0,0.04
12 VFL,1.0,0.04081632653061224
12 VFL,1.0,0.041666666666666664
12 VFL,1.0,0.0425531914893617
12 VFL,1.0,0.043478260869565216
12 VFL,1.0,0.044444444444444446
12 VFL,1.0,0.045454545454545456
12 VFL,1.0,0.046511627906976744
12 VFL,1.0,0.047619047619047616
12 VFL,1.0,0.04878048780487805
12 VFL,1.0,0.05
12 VFL,1.0,0.05128205128205128
12 VFL,1.0,0.05263157894736842
12 VFL,1.0,0.05405405405405406
12 VFL,1.0,0.05555555555555555
12 VFL,1.0,0.05714285714285714
12 VFL,1.0,0.058823529411764705
12 VFL,1.0,0.06060606060606061
12 VFL,1.0,0.0625
12 VFL,1.0,0.06451612903225806
12 VFL,1.0,0.06666666666666667
12 VFL,1.0,0.06896551724137931
12 VFL,1.0,0.07142857142857142
12 VFL,1.0,0.07407407407407407
12 VFL,1.0,0.07692307692307693
12 VFL,1.0,0.08
12 VFL,1.0,0.08333333333333333
12 VFL,1.0,0.08695652173913043
12 VFL,1.0,0.09090909090909091
12 VFL,1.0,0.09523809523809523
12 VFL,1.0,0.1
12 VFL,1.0,0.10526315789473684
12 VFL,1.0,0.1111111111111111
12 VFL,1.0,0.11764705882352941
12 VFL,1.0,0.125
12 VFL,1.0,0.13333333333333333
12 VFL,1.0,0.14285714285714285
12 VFL,1.0,0.15384615384615385
12 VFL,1.0,0.16666666666666666
12 VFL,1.0,0.18181818181818182
12 VFL,1.0,0.2
12 VFL,1.0,0.2222222222222222
12 VFL,1.0,0.25
12 VFL,1.0,0.2857142857142857
12 VFL,1.0,0.3333333333333333
12 VFL,1.0,0.4
12 VFL,1.0,0.5
12 VFL,1.0,0.6666666666666666
12 VFL,1.0,1.0
12 VFL,0.5,1.0
12 VFL,0.0,1.0
13 Fusion,1.0,0.01
13 Fusion,1.0,0.010050251256281407
13 Fusion,1.0,0.010101010101010102
13 Fusion,1.0,0.01015228426395939
13 Fusion,1.0,0.01020408163265306
13 Fusion,1.0,0.010256410256410256
13 Fusion,1.0,0.010309278350515464
13 Fusion,1.0,0.010362694300518135
13 Fusion,1.0,0.010416666666666666
13 Fusion,1.0,0.010471204188481676
13 Fusion,1.0,0.010526315789473684
13 Fusion,1.0,0.010582010582010581
13 Fusion,1.0,0.010638297872340425
13 Fusion,1.0,0.0106951871657754
13 Fusion,1.0,0.010752688172043012
13 Fusion,1.0,0.010810810810810811
13 Fusion,1.0,0.010869565217391304
13 Fusion,1.0,0.01092896174863388
13 Fusion,1.0,0.01098901098901099
13 Fusion,1.0,0.011049723756906077
13 Fusion,1.0,0.011111111111111112
13 Fusion,1.0,0.0111731843575419
13 Fusion,1.0,0.011235955056179775
13 Fusion,1.0,0.011299435028248588
13 Fusion,1.0,0.011363636363636364
13 Fusion,1.0,0.011428571428571429
13 Fusion,1.0,0.011494252873563218
13 Fusion,1.0,0.011560693641618497
13 Fusion,1.0,0.011627906976744186
13 Fusion,1.0,0.011695906432748537
13 Fusion,1.0,0.011764705882352941
13 Fusion,1.0,0.011834319526627219
13 Fusion,1.0,0.011904761904761904
13 Fusion,1.0,0.011976047904191617
13 Fusion,1.0,0.012048192771084338
13 Fusion,1.0,0.012121212121212121
13 Fusion,1.0,0.012195121951219513
13 Fusion,1.0,0.012269938650306749
13 Fusion,1.0,0.012345679012345678
13 Fusion,1.0,0.012422360248447204
13 Fusion,1.0,0.0125
13 Fusion,1.0,0.012578616352201259
13 Fusion,1.0,0.012658227848101266
13 Fusion,1.0,0.012738853503184714
13 Fusion,1.0,0.012903225806451613
13 Fusion,1.0,0.012987012987012988
13 Fusion,1.0,0.013071895424836602
13 Fusion,1.0,0.013157894736842105
13 Fusion,1.0,0.013245033112582781
13 Fusion,1.0,0.013333333333333334
13 Fusion,1.0,0.013422818791946308
13 Fusion,1.0,0.013513513513513514
13 Fusion,1.0,0.013605442176870748
13 Fusion,1.0,0.0136986301369863
13 Fusion,1.0,0.013793103448275862
13 Fusion,1.0,0.013888888888888888
13 Fusion,1.0,0.013986013986013986
13 Fusion,1.0,0.014084507042253521
13 Fusion,1.0,0.014184397163120567
13 Fusion,1.0,0.014285714285714285
13 Fusion,1.0,0.014388489208633094
13 Fusion,1.0,0.014492753623188406
13 Fusion,1.0,0.014598540145985401
13 Fusion,1.0,0.014705882352941176
13 Fusion,1.0,0.014814814814814815
13 Fusion,1.0,0.014925373134328358
13 Fusion,1.0,0.015037593984962405
13 Fusion,1.0,0.015151515151515152
13 Fusion,1.0,0.015267175572519083
13 Fusion,1.0,0.015384615384615385
13 Fusion,1.0,0.015503875968992248
13 Fusion,1.0,0.015625
13 Fusion,1.0,0.015748031496062992
13 Fusion,1.0,0.015873015873015872
13 Fusion,1.0,0.016
13 Fusion,1.0,0.016129032258064516
13 Fusion,1.0,0.016260162601626018
13 Fusion,1.0,0.01639344262295082
13 Fusion,1.0,0.01652892561983471
13 Fusion,1.0,0.016666666666666666
13 Fusion,1.0,0.01680672268907563
13 Fusion,1.0,0.01694915254237288
13 Fusion,1.0,0.017094017094017096
13 Fusion,1.0,0.017241379310344827
13 Fusion,1.0,0.017391304347826087
13 Fusion,1.0,0.017543859649122806
13 Fusion,1.0,0.017699115044247787
13 Fusion,1.0,0.017857142857142856
13 Fusion,1.0,0.018018018018018018
13 Fusion,1.0,0.01818181818181818
13 Fusion,1.0,0.01834862385321101
13 Fusion,1.0,0.018518518518518517
13 Fusion,1.0,0.018691588785046728
13 Fusion,1.0,0.018867924528301886
13 Fusion,1.0,0.01904761904761905
13 Fusion,1.0,0.019230769230769232
13 Fusion,1.0,0.019417475728155338
13 Fusion,1.0,0.0196078431372549
13 Fusion,1.0,0.019801980198019802
13 Fusion,1.0,0.02
13 Fusion,1.0,0.020202020202020204
13 Fusion,1.0,0.02040816326530612
13 Fusion,1.0,0.020618556701030927
13 Fusion,1.0,0.020833333333333332
13 Fusion,1.0,0.021052631578947368
13 Fusion,1.0,0.02127659574468085
13 Fusion,1.0,0.021505376344086023
13 Fusion,1.0,0.021739130434782608
13 Fusion,1.0,0.02197802197802198
13 Fusion,1.0,0.022222222222222223
13 Fusion,1.0,0.02247191011235955
13 Fusion,1.0,0.022727272727272728
13 Fusion,1.0,0.022988505747126436
13 Fusion,1.0,0.023255813953488372
13 Fusion,1.0,0.023529411764705882
13 Fusion,1.0,0.023809523809523808
13 Fusion,1.0,0.024096385542168676
13 Fusion,1.0,0.024390243902439025
13 Fusion,1.0,0.024691358024691357
13 Fusion,1.0,0.025
13 Fusion,1.0,0.02531645569620253
13 Fusion,1.0,0.02564102564102564
13 Fusion,1.0,0.02631578947368421
13 Fusion,1.0,0.02666666666666667
13 Fusion,1.0,0.02702702702702703
13 Fusion,1.0,0.0273972602739726
13 Fusion,1.0,0.027777777777777776
13 Fusion,1.0,0.028169014084507043
13 Fusion,1.0,0.02857142857142857
13 Fusion,1.0,0.028985507246376812
13 Fusion,1.0,0.029411764705882353
13 Fusion,1.0,0.029850746268656716
13 Fusion,1.0,0.030303030303030304
13 Fusion,1.0,0.03076923076923077
13 Fusion,1.0,0.03125
13 Fusion,1.0,0.031746031746031744
13 Fusion,1.0,0.03225806451612903
13 Fusion,1.0,0.03278688524590164
13 Fusion,1.0,0.03333333333333333
13 Fusion,1.0,0.03389830508474576
13 Fusion,1.0,0.034482758620689655
13 Fusion,1.0,0.03508771929824561
13 Fusion,1.0,0.03571428571428571
13 Fusion,1.0,0.03636363636363636
13 Fusion,1.0,0.037037037037037035
13 Fusion,1.0,0.03773584905660377
13 Fusion,1.0,0.038461538461538464
13 Fusion,1.0,0.0392156862745098
13 Fusion,1.0,0.04
13 Fusion,1.0,0.04081632653061224
13 Fusion,1.0,0.041666666666666664
13 Fusion,1.0,0.0425531914893617
13 Fusion,1.0,0.043478260869565216
13 Fusion,1.0,0.044444444444444446
13 Fusion,1.0,0.045454545454545456
13 Fusion,1.0,0.046511627906976744
13 Fusion,1.0,0.047619047619047616
13 Fusion,1.0,0.04878048780487805
13 Fusion,1.0,0.05
13 Fusion,1.0,0.05128205128205128
13 Fusion,1.0,0.05263157894736842
13 Fusion,1.0,0.05405405405405406
13 Fusion,1.0,0.05555555555555555
13 Fusion,1.0,0.05714285714285714
13 Fusion,1.0,0.058823529411764705
13 Fusion,1.0,0.06060606060606061
13 Fusion,1.0,0.0625
13 Fusion,1.0,0.06451612903225806
13 Fusion,1.0,0.06666666666666667
13 Fusion,1.0,0.06896551724137931
13 Fusion,1.0,0.07142857142857142
13 Fusion,1.0,0.07407407407407407
13 Fusion,1.0,0.07692307692307693
13 Fusion,0.5,0.04
13 Fusion,0.5,0.041666666666666664
13 Fusion,0.5,0.043478260869565216
13 Fusion,0.5,0.045454545454545456
13 Fusion,0.5,0.047619047619047616
13 Fusion,0.5,0.05
13 Fusion,0.5,0.05263157894736842
13 Fusion,0.5,0.05555555555555555
13 Fusion,0.5,0.058823529411764705
13 Fusion,0.5,0.0625
13 Fusion,0.5,0.06666666666666667
13 Fusion,0.5,0.07142857142857142
13 Fusion,0.5,0.07692307692307693
13 Fusion,0.5,0.08333333333333333
13 Fusion,0.5,0.09090909090909091
13 Fusion,0.5,0.1
13 Fusion,0.5,0.1111111111111111
13 Fusion,0.5,0.125
13 Fusion,0.5,0.14285714285714285
13 Fusion,0.5,0.16666666666666666
13 Fusion,0.5,0.2
13 Fusion,0.5,0.25
13 Fusion,0.5,0.3333333333333333
13 Fusion,0.5,0.5
13 Fusion,0.5,1.0
13 Fusion,0.0,1.0
14 LBBBB,1.0,0.105
14 LBBBB,1.0,0.10552763819095477
14 LBBBB,1.0,0.10606060606060606
14 LBBBB,1.0,0.1065989847715736
14 LBBBB,1.0,0.10714285714285714
14 LBBBB,1.0,0.1076923076923077
14 LBBBB,1.0,0.10824742268041238
14 LBBBB,1.0,0.10880829015544041
14 LBBBB,1.0,0.109375
14 LBBBB,1.0,0.1099476439790576
14 LBBBB,1.0,0.11052631578947368
14 LBBBB,1.0,0.1111111111111111
14 LBBBB,1.0,0.11170212765957446
14 LBBBB,1.0,0.11229946524064172
14 LBBBB,1.0,0.11290322580645161
14 LBBBB,1.0,0.11351351351351352
14 LBBBB,1.0,0.11413043478260869
14 LBBBB,1.0,0.11475409836065574
14 LBBBB,1.0,0.11538461538461539
14 LBBBB,1.0,0.11602209944751381
14 LBBBB,1.0,0.11666666666666667
14 LBBBB,1.0,0.11731843575418995
14 LBBBB,1.0,0.11797752808988764
14 LBBBB,1.0,0.11864406779661017
14 LBBBB,1.0,0.11931818181818182
14 LBBBB,1.0,0.12
14 LBBBB,1.0,0.12138728323699421
14 LBBBB,1.0,0.12209302325581395
14 LBBBB,1.0,0.12280701754385964
14 LBBBB,1.0,0.12352941176470589
14 LBBBB,1.0,0.1242603550295858
14 LBBBB,1.0,0.125
14 LBBBB,1.0,0.12574850299401197
14 LBBBB,1.0,0.12650602409638553
14 LBBBB,1.0,0.12727272727272726
14 LBBBB,1.0,0.12804878048780488
14 LBBBB,1.0,0.12883435582822086
14 LBBBB,1.0,0.12962962962962962
14 LBBBB,1.0,0.13043478260869565
14 LBBBB,1.0,0.13125
14 LBBBB,1.0,0.1320754716981132
14 LBBBB,1.0,0.13291139240506328
14 LBBBB,1.0,0.1337579617834395
14 LBBBB,1.0,0.1346153846153846
14 LBBBB,1.0,0.13548387096774195
14 LBBBB,1.0,0.13636363636363635
14 LBBBB,1.0,0.13725490196078433
14 LBBBB,1.0,0.13815789473684212
14 LBBBB,1.0,0.1390728476821192
14 LBBBB,1.0,0.14
14 LBBBB,1.0,0.14093959731543623
14 LBBBB,1.0,0.14189189189189189
14 LBBBB,1.0,0.14285714285714285
14 LBBBB,1.0,0.14383561643835616
14 LBBBB,1.0,0.14482758620689656
14 LBBBB,1.0,0.14583333333333334
14 LBBBB,1.0,0.14685314685314685
14 LBBBB,1.0,0.14788732394366197
14 LBBBB,1.0,0.14893617021276595
14 LBBBB,1.0,0.15
14 LBBBB,1.0,0.1510791366906475
14 LBBBB,1.0,0.15217391304347827
14 LBBBB,1.0,0.15328467153284672
14 LBBBB,1.0,0.15441176470588236
14 LBBBB,1.0,0.15555555555555556
14 LBBBB,1.0,0.15671641791044777
14 LBBBB,1.0,0.15789473684210525
14 LBBBB,1.0,0.1590909090909091
14 LBBBB,1.0,0.16030534351145037
14 LBBBB,1.0,0.16153846153846155
14 LBBBB,1.0,0.16279069767441862
14 LBBBB,1.0,0.1640625
14 LBBBB,1.0,0.16535433070866143
14 LBBBB,1.0,0.16666666666666666
14 LBBBB,1.0,0.168
14 LBBBB,1.0,0.1693548387096774
14 LBBBB,1.0,0.17073170731707318
14 LBBBB,1.0,0.1721311475409836
14 LBBBB,1.0,0.17355371900826447
14 LBBBB,1.0,0.175
14 LBBBB,1.0,0.17647058823529413
14 LBBBB,1.0,0.17796610169491525
14 LBBBB,1.0,0.1794871794871795
14 LBBBB,1.0,0.1810344827586207
14 LBBBB,1.0,0.1826086956521739
14 LBBBB,1.0,0.18421052631578946
14 LBBBB,1.0,0.18584070796460178
14 LBBBB,1.0,0.1875
14 LBBBB,1.0,0.1891891891891892
14 LBBBB,1.0,0.19090909090909092
14 LBBBB,1.0,0.1926605504587156
14 LBBBB,1.0,0.19444444444444445
14 LBBBB,1.0,0.19626168224299065
14 LBBBB,1.0,0.19811320754716982
14 LBBBB,1.0,0.2
14 LBBBB,1.0,0.20192307692307693
14 LBBBB,1.0,0.20388349514563106
14 LBBBB,1.0,0.20588235294117646
14 LBBBB,1.0,0.2079207920792079
14 LBBBB,1.0,0.21
14 LBBBB,1.0,0.21212121212121213
14 LBBBB,1.0,0.21428571428571427
14 LBBBB,1.0,0.21649484536082475
14 LBBBB,1.0,0.21875
14 LBBBB,1.0,0.22105263157894736
14 LBBBB,1.0,0.22340425531914893
14 LBBBB,1.0,0.22580645161290322
14 LBBBB,1.0,0.22826086956521738
14 LBBBB,1.0,0.23076923076923078
14 LBBBB,1.0,0.23333333333333334
14 LBBBB,1.0,0.23595505617977527
14 LBBBB,1.0,0.23863636363636365
14 LBBBB,1.0,0.2413793103448276
14 LBBBB,1.0,0.2441860465116279
14 LBBBB,1.0,0.24705882352941178
14 LBBBB,1.0,0.25
14 LBBBB,1.0,0.25301204819277107
14 LBBBB,1.0,0.25609756097560976
14 LBBBB,1.0,0.25925925925925924
14 LBBBB,1.0,0.2625
14 LBBBB,1.0,0.26582278481012656
14 LBBBB,1.0,0.2692307692307692
14 LBBBB,1.0,0.2727272727272727
14 LBBBB,1.0,0.27631578947368424
14 LBBBB,1.0,0.28
14 LBBBB,1.0,0.28378378378378377
14 LBBBB,1.0,0.2876712328767123
14 LBBBB,1.0,0.2916666666666667
14 LBBBB,1.0,0.29577464788732394
14 LBBBB,1.0,0.3
14 LBBBB,1.0,0.30434782608695654
14 LBBBB,1.0,0.3088235294117647
14 LBBBB,1.0,0.31343283582089554
14 LBBBB,1.0,0.3181818181818182
14 LBBBB,1.0,0.3230769230769231
14 LBBBB,1.0,0.328125
14 LBBBB,1.0,0.3333333333333333
14 LBBBB,1.0,0.3387096774193548
14 LBBBB,1.0,0.3442622950819672
14 LBBBB,1.0,0.35
14 LBBBB,1.0,0.3559322033898305
14 LBBBB,1.0,0.3620689655172414
14 LBBBB,1.0,0.3684210526315789
14 LBBBB,1.0,0.375
14 LBBBB,1.0,0.38181818181818183
14 LBBBB,1.0,0.3888888888888889
14 LBBBB,1.0,0.39622641509433965
14 LBBBB,1.0,0.40384615384615385
14 LBBBB,1.0,0.4117647058823529
14 LBBBB,1.0,0.42
14 LBBBB,1.0,0.42857142857142855
14 LBBBB,1.0,0.4375
14 LBBBB,1.0,0.44680851063829785
14 LBBBB,1.0,0.45652173913043476
14 LBBBB,1.0,0.4666666666666667
14 LBBBB,1.0,0.4772727272727273
14 LBBBB,1.0,0.4883720930232558
14 LBBBB,1.0,0.5
14 LBBBB,1.0,0.5121951219512195
14 LBBBB,1.0,0.525
14 LBBBB,1.0,0.5384615384615384
14 LBBBB,1.0,0.5526315789473685
14 LBBBB,1.0,0.5675675675675675
14 LBBBB,1.0,0.5833333333333334
14 LBBBB,1.0,0.6
14 LBBBB,1.0,0.6176470588235294
14 LBBBB,1.0,0.6363636363636364
14 LBBBB,1.0,0.65625
14 LBBBB,1.0,0.6774193548387096
14 LBBBB,1.0,0.7
14 LBBBB,1.0,0.7241379310344828
14 LBBBB,1.0,0.75
14 LBBBB,1.0,0.7777777777777778
14 LBBBB,1.0,0.8076923076923077
14 LBBBB,1.0,0.84
14 LBBBB,1.0,0.875
14 LBBBB,1.0,0.9130434782608695
14 LBBBB,1.0,0.9545454545454546
14 LBBBB,1.0,1.0
14 LBBBB,0.9523809523809523,1.0
14 LBBBB,0.9047619047619048,1.0
14 LBBBB,0.8571428571428571,1.0
14 LBBBB,0.8095238095238095,1.0
14 LBBBB,0.7619047619047619,1.0
14 LBBBB,0.7142857142857143,1.0
14 LBBBB,0.6190476190476191,1.0
14 LBBBB,0.5714285714285714,1.0
14 LBBBB,0.5238095238095238,1.0
14 LBBBB,0.47619047619047616,1.0
14 LBBBB,0.42857142857142855,1.0
14 LBBBB,0.38095238095238093,1.0
14 LBBBB,0.3333333333333333,1.0
14 LBBBB,0.2857142857142857,1.0
14 LBBBB,0.23809523809523808,1.0
14 LBBBB,0.19047619047619047,1.0
14 LBBBB,0.14285714285714285,1.0
14 LBBBB,0.09523809523809523,1.0
14 LBBBB,0.047619047619047616,1.0
14 LBBBB,0.0,1.0
15 RBBBB,1.0,0.06
15 RBBBB,1.0,0.06030150753768844
15 RBBBB,1.0,0.06060606060606061
15 RBBBB,1.0,0.06091370558375635
15 RBBBB,1.0,0.061224489795918366
15 RBBBB,1.0,0.06153846153846154
15 RBBBB,1.0,0.061855670103092786
15 RBBBB,1.0,0.06217616580310881
15 RBBBB,1.0,0.0625
15 RBBBB,1.0,0.06282722513089005
15 RBBBB,1.0,0.06315789473684211
15 RBBBB,1.0,0.06349206349206349
15 RBBBB,1.0,0.06382978723404255
15 RBBBB,1.0,0.06417112299465241
15 RBBBB,1.0,0.06451612903225806
15 RBBBB,1.0,0.06486486486486487
15 RBBBB,1.0,0.06521739130434782
15 RBBBB,1.0,0.06557377049180328
15 RBBBB,1.0,0.06593406593406594
15 RBBBB,1.0,0.06629834254143646
15 RBBBB,1.0,0.06666666666666667
15 RBBBB,1.0,0.0670391061452514
15 RBBBB,1.0,0.06741573033707865
15 RBBBB,1.0,0.06779661016949153
15 RBBBB,1.0,0.06818181818181818
15 RBBBB,1.0,0.06857142857142857
15 RBBBB,1.0,0.06896551724137931
15 RBBBB,1.0,0.06936416184971098
15 RBBBB,1.0,0.06976744186046512
15 RBBBB,1.0,0.07017543859649122
15 RBBBB,1.0,0.07100591715976332
15 RBBBB,1.0,0.07142857142857142
15 RBBBB,1.0,0.0718562874251497
15 RBBBB,1.0,0.07228915662650602
15 RBBBB,1.0,0.07272727272727272
15 RBBBB,1.0,0.07317073170731707
15 RBBBB,1.0,0.0736196319018405
15 RBBBB,1.0,0.07453416149068323
15 RBBBB,1.0,0.075
15 RBBBB,1.0,0.07547169811320754
15 RBBBB,1.0,0.0759493670886076
15 RBBBB,1.0,0.07643312101910828
15 RBBBB,1.0,0.07692307692307693
15 RBBBB,1.0,0.07741935483870968
15 RBBBB,1.0,0.07792207792207792
15 RBBBB,1.0,0.0784313725490196
15 RBBBB,1.0,0.07894736842105263
15 RBBBB,1.0,0.07947019867549669
15 RBBBB,1.0,0.08
15 RBBBB,1.0,0.08053691275167785
15 RBBBB,1.0,0.08108108108108109
15 RBBBB,1.0,0.08163265306122448
15 RBBBB,1.0,0.0821917808219178
15 RBBBB,1.0,0.08275862068965517
15 RBBBB,1.0,0.08333333333333333
15 RBBBB,1.0,0.08391608391608392
15 RBBBB,1.0,0.08450704225352113
15 RBBBB,1.0,0.0851063829787234
15 RBBBB,1.0,0.08571428571428572
15 RBBBB,1.0,0.08633093525179857
15 RBBBB,1.0,0.08695652173913043
15 RBBBB,1.0,0.08759124087591241
15 RBBBB,1.0,0.08823529411764706
15 RBBBB,1.0,0.08888888888888889
15 RBBBB,1.0,0.08955223880597014
15 RBBBB,1.0,0.09022556390977443
15 RBBBB,1.0,0.09090909090909091
15 RBBBB,1.0,0.0916030534351145
15 RBBBB,1.0,0.09230769230769231
15 RBBBB,1.0,0.09302325581395349
15 RBBBB,1.0,0.09375
15 RBBBB,1.0,0.09448818897637795
15 RBBBB,1.0,0.09523809523809523
15 RBBBB,1.0,0.096
15 RBBBB,1.0,0.0967741935483871
15 RBBBB,1.0,0.0975609756097561
15 RBBBB,1.0,0.09836065573770492
15 RBBBB,1.0,0.09917355371900827
15 RBBBB,1.0,0.1
15 RBBBB,1.0,0.10084033613445378
15 RBBBB,1.0,0.1016949152542373
15 RBBBB,1.0,0.10256410256410256
15 RBBBB,1.0,0.10344827586206896
15 RBBBB,1.0,0.10434782608695652
15 RBBBB,1.0,0.10526315789473684
15 RBBBB,1.0,0.10619469026548672
15 RBBBB,1.0,0.10714285714285714
15 RBBBB,1.0,0.10810810810810811
15 RBBBB,1.0,0.10909090909090909
15 RBBBB,1.0,0.11009174311926606
15 RBBBB,1.0,0.1111111111111111
15 RBBBB,1.0,0.11214953271028037
15 RBBBB,1.0,0.11320754716981132
15 RBBBB,1.0,0.11428571428571428
15 RBBBB,1.0,0.11538461538461539
15 RBBBB,1.0,0.11650485436893204
15 RBBBB,1.0,0.11764705882352941
15 RBBBB,1.0,0.1188118811881188
15 RBBBB,1.0,0.12
15 RBBBB,1.0,0.12121212121212122
15 RBBBB,1.0,0.12244897959183673
15 RBBBB,1.0,0.12371134020618557
15 RBBBB,1.0,0.125
15 RBBBB,1.0,0.12631578947368421
15 RBBBB,1.0,0.1276595744680851
15 RBBBB,1.0,0.12903225806451613
15 RBBBB,1.0,0.13043478260869565
15 RBBBB,1.0,0.13186813186813187
15 RBBBB,1.0,0.13333333333333333
15 RBBBB,1.0,0.1348314606741573
15 RBBBB,1.0,0.13636363636363635
15 RBBBB,1.0,0.13793103448275862
15 RBBBB,1.0,0.13953488372093023
15 RBBBB,1.0,0.1411764705882353
15 RBBBB,1.0,0.14285714285714285
15 RBBBB,1.0,0.14457831325301204
15 RBBBB,1.0,0.14634146341463414
15 RBBBB,1.0,0.14814814814814814
15 RBBBB,1.0,0.15
15 RBBBB,1.0,0.1518987341772152
15 RBBBB,1.0,0.15384615384615385
15 RBBBB,1.0,0.15584415584415584
15 RBBBB,1.0,0.15789473684210525
15 RBBBB,1.0,0.16
15 RBBBB,1.0,0.16216216216216217
15 RBBBB,1.0,0.1643835616438356
15 RBBBB,1.0,0.16666666666666666
15 RBBBB,1.0,0.16901408450704225
15 RBBBB,1.0,0.17142857142857143
15 RBBBB,1.0,0.17391304347826086
15 RBBBB,1.0,0.17647058823529413
15 RBBBB,1.0,0.1791044776119403
15 RBBBB,1.0,0.18181818181818182
15 RBBBB,1.0,0.18461538461538463
15 RBBBB,1.0,0.1875
15 RBBBB,1.0,0.19047619047619047
15 RBBBB,1.0,0.1935483870967742
15 RBBBB,1.0,0.19672131147540983
15 RBBBB,1.0,0.2
15 RBBBB,1.0,0.2033898305084746
15 RBBBB,1.0,0.20689655172413793
15 RBBBB,1.0,0.21052631578947367
15 RBBBB,1.0,0.21428571428571427
15 RBBBB,1.0,0.21818181818181817
15 RBBBB,1.0,0.2222222222222222
15 RBBBB,1.0,0.22641509433962265
15 RBBBB,1.0,0.23076923076923078
15 RBBBB,1.0,0.23529411764705882
15 RBBBB,1.0,0.24
15 RBBBB,1.0,0.24489795918367346
15 RBBBB,1.0,0.25
15 RBBBB,1.0,0.2553191489361702
15 RBBBB,1.0,0.2608695652173913
15 RBBBB,1.0,0.26666666666666666
15 RBBBB,1.0,0.2727272727272727
15 RBBBB,1.0,0.27906976744186046
15 RBBBB,1.0,0.2857142857142857
15 RBBBB,1.0,0.2926829268292683
15 RBBBB,1.0,0.3
15 RBBBB,1.0,0.3076923076923077
15 RBBBB,1.0,0.3157894736842105
15 RBBBB,1.0,0.32432432432432434
15 RBBBB,1.0,0.3333333333333333
15 RBBBB,1.0,0.34285714285714286
15 RBBBB,1.0,0.35294117647058826
15 RBBBB,1.0,0.36363636363636365
15 RBBBB,1.0,0.375
15 RBBBB,1.0,0.3870967741935484
15 RBBBB,1.0,0.4
15 RBBBB,1.0,0.41379310344827586
15 RBBBB,1.0,0.42857142857142855
15 RBBBB,1.0,0.4444444444444444
15 RBBBB,1.0,0.46153846153846156
15 RBBBB,1.0,0.48
15 RBBBB,1.0,0.5
15 RBBBB,1.0,0.5217391304347826
15 RBBBB,1.0,0.5454545454545454
15 RBBBB,1.0,0.5714285714285714
15 RBBBB,1.0,0.6
15 RBBBB,1.0,0.631578947368421
15 RBBBB,1.0,0.6666666666666666
15 RBBBB,1.0,0.7058823529411765
15 RBBBB,1.0,0.75
15 RBBBB,1.0,0.8
15 RBBBB,1.0,0.8571428571428571
15 RBBBB,1.0,0.9230769230769231
15 RBBBB,1.0,1.0
15 RBBBB,0.9166666666666666,1.0
15 RBBBB,0.8333333333333334,1.0
15 RBBBB,0.75,1.0
15 RBBBB,0.6666666666666666,1.0
15 RBBBB,0.5833333333333334,1.0
15 RBBBB,0.5,1.0
15 RBBBB,0.4166666666666667,1.0
15 RBBBB,0.3333333333333333,1.0
15 RBBBB,0.25,1.0
15 RBBBB,0.16666666666666666,1.0
15 RBBBB,0.08333333333333333,1.0
15 RBBBB,0.0,1.0
16 SDHB,1.0,0.01
16 SDHB,1.0,0.010050251256281407
16 SDHB,1.0,0.010101010101010102
16 SDHB,1.0,0.01015228426395939
16 SDHB,1.0,0.01020408163265306
16 SDHB,1.0,0.010256410256410256
16 SDHB,1.0,0.010309278350515464
16 SDHB,1.0,0.010362694300518135
16 SDHB,1.0,0.010416666666666666
16 SDHB,1.0,0.010471204188481676
16 SDHB,1.0,0.010526315789473684
16 SDHB,1.0,0.010582010582010581
16 SDHB,1.0,0.010638297872340425
16 SDHB,1.0,0.0106951871657754
16 SDHB,1.0,0.010752688172043012
16 SDHB,1.0,0.010810810810810811
16 SDHB,1.0,0.010869565217391304
16 SDHB,1.0,0.01092896174863388
16 SDHB,1.0,0.01098901098901099
16 SDHB,1.0,0.011049723756906077
16 SDHB,1.0,0.011111111111111112
16 SDHB,1.0,0.0111731843575419
16 SDHB,1.0,0.011235955056179775
16 SDHB,1.0,0.011299435028248588
16 SDHB,1.0,0.011363636363636364
16 SDHB,1.0,0.011428571428571429
16 SDHB,1.0,0.011494252873563218
16 SDHB,1.0,0.011560693641618497
16 SDHB,1.0,0.011627906976744186
16 SDHB,1.0,0.011695906432748537
16 SDHB,1.0,0.011764705882352941
16 SDHB,1.0,0.011834319526627219
16 SDHB,1.0,0.011904761904761904
16 SDHB,1.0,0.011976047904191617
16 SDHB,1.0,0.012048192771084338
16 SDHB,1.0,0.012121212121212121
16 SDHB,1.0,0.012195121951219513
16 SDHB,1.0,0.012269938650306749
16 SDHB,1.0,0.012345679012345678
16 SDHB,1.0,0.012422360248447204
16 SDHB,1.0,0.0125
16 SDHB,1.0,0.012578616352201259
16 SDHB,1.0,0.012658227848101266
16 SDHB,1.0,0.012738853503184714
16 SDHB,1.0,0.01282051282051282
16 SDHB,1.0,0.012903225806451613
16 SDHB,1.0,0.012987012987012988
16 SDHB,1.0,0.013071895424836602
16 SDHB,1.0,0.013157894736842105
16 SDHB,1.0,0.013245033112582781
16 SDHB,1.0,0.013333333333333334
16 SDHB,1.0,0.013422818791946308
16 SDHB,1.0,0.013513513513513514
16 SDHB,1.0,0.013605442176870748
16 SDHB,1.0,0.0136986301369863
16 SDHB,1.0,0.013793103448275862
16 SDHB,1.0,0.013888888888888888
16 SDHB,1.0,0.013986013986013986
16 SDHB,1.0,0.014084507042253521
16 SDHB,1.0,0.014184397163120567
16 SDHB,1.0,0.014285714285714285
16 SDHB,1.0,0.014388489208633094
16 SDHB,1.0,0.014492753623188406
16 SDHB,1.0,0.014598540145985401
16 SDHB,1.0,0.014705882352941176
16 SDHB,1.0,0.014814814814814815
16 SDHB,1.0,0.014925373134328358
16 SDHB,1.0,0.015037593984962405
16 SDHB,1.0,0.015151515151515152
16 SDHB,1.0,0.015267175572519083
16 SDHB,1.0,0.015384615384615385
16 SDHB,1.0,0.015503875968992248
16 SDHB,1.0,0.015625
16 SDHB,1.0,0.015748031496062992
16 SDHB,1.0,0.015873015873015872
16 SDHB,1.0,0.016
16 SDHB,1.0,0.016129032258064516
16 SDHB,1.0,0.016260162601626018
16 SDHB,1.0,0.01639344262295082
16 SDHB,1.0,0.01652892561983471
16 SDHB,1.0,0.016666666666666666
16 SDHB,1.0,0.01680672268907563
16 SDHB,1.0,0.01694915254237288
16 SDHB,1.0,0.017241379310344827
16 SDHB,1.0,0.017391304347826087
16 SDHB,1.0,0.017543859649122806
16 SDHB,1.0,0.017699115044247787
16 SDHB,1.0,0.017857142857142856
16 SDHB,1.0,0.018018018018018018
16 SDHB,1.0,0.01818181818181818
16 SDHB,1.0,0.018518518518518517
16 SDHB,1.0,0.018691588785046728
16 SDHB,1.0,0.018867924528301886
16 SDHB,1.0,0.01904761904761905
16 SDHB,1.0,0.019230769230769232
16 SDHB,1.0,0.019417475728155338
16 SDHB,1.0,0.0196078431372549
16 SDHB,1.0,0.019801980198019802
16 SDHB,1.0,0.02
16 SDHB,1.0,0.020202020202020204
16 SDHB,1.0,0.02040816326530612
16 SDHB,1.0,0.020618556701030927
16 SDHB,1.0,0.020833333333333332
16 SDHB,1.0,0.021052631578947368
16 SDHB,1.0,0.02127659574468085
16 SDHB,1.0,0.021505376344086023
16 SDHB,1.0,0.021739130434782608
16 SDHB,1.0,0.02197802197802198
16 SDHB,1.0,0.022222222222222223
16 SDHB,1.0,0.02247191011235955
16 SDHB,1.0,0.022727272727272728
16 SDHB,1.0,0.022988505747126436
16 SDHB,1.0,0.023255813953488372
16 SDHB,1.0,0.023529411764705882
16 SDHB,1.0,0.023809523809523808
16 SDHB,1.0,0.024096385542168676
16 SDHB,1.0,0.024390243902439025
16 SDHB,1.0,0.024691358024691357
16 SDHB,1.0,0.025
16 SDHB,1.0,0.02531645569620253
16 SDHB,1.0,0.02564102564102564
16 SDHB,1.0,0.025974025974025976
16 SDHB,1.0,0.02631578947368421
16 SDHB,1.0,0.02666666666666667
16 SDHB,1.0,0.02702702702702703
16 SDHB,1.0,0.0273972602739726
16 SDHB,1.0,0.027777777777777776
16 SDHB,1.0,0.028169014084507043
16 SDHB,1.0,0.02857142857142857
16 SDHB,1.0,0.028985507246376812
16 SDHB,1.0,0.029411764705882353
16 SDHB,1.0,0.029850746268656716
16 SDHB,1.0,0.030303030303030304
16 SDHB,1.0,0.03076923076923077
16 SDHB,1.0,0.03125
16 SDHB,1.0,0.031746031746031744
16 SDHB,1.0,0.03225806451612903
16 SDHB,1.0,0.03278688524590164
16 SDHB,1.0,0.03333333333333333
16 SDHB,1.0,0.03389830508474576
16 SDHB,1.0,0.034482758620689655
16 SDHB,1.0,0.03508771929824561
16 SDHB,1.0,0.03571428571428571
16 SDHB,1.0,0.03636363636363636
16 SDHB,1.0,0.037037037037037035
16 SDHB,1.0,0.03773584905660377
16 SDHB,1.0,0.038461538461538464
16 SDHB,1.0,0.0392156862745098
16 SDHB,1.0,0.04
16 SDHB,1.0,0.04081632653061224
16 SDHB,1.0,0.041666666666666664
16 SDHB,1.0,0.0425531914893617
16 SDHB,1.0,0.043478260869565216
16 SDHB,1.0,0.044444444444444446
16 SDHB,1.0,0.045454545454545456
16 SDHB,1.0,0.046511627906976744
16 SDHB,1.0,0.047619047619047616
16 SDHB,1.0,0.04878048780487805
16 SDHB,1.0,0.05
16 SDHB,1.0,0.05128205128205128
16 SDHB,1.0,0.05263157894736842
16 SDHB,1.0,0.05405405405405406
16 SDHB,1.0,0.05555555555555555
16 SDHB,1.0,0.05714285714285714
16 SDHB,1.0,0.058823529411764705
16 SDHB,1.0,0.06060606060606061
16 SDHB,1.0,0.0625
16 SDHB,1.0,0.06451612903225806
16 SDHB,1.0,0.06666666666666667
16 SDHB,1.0,0.06896551724137931
16 SDHB,1.0,0.07142857142857142
16 SDHB,1.0,0.07407407407407407
16 SDHB,1.0,0.07692307692307693
16 SDHB,1.0,0.08
16 SDHB,1.0,0.08333333333333333
16 SDHB,1.0,0.08695652173913043
16 SDHB,1.0,0.09090909090909091
16 SDHB,1.0,0.09523809523809523
16 SDHB,1.0,0.1
16 SDHB,1.0,0.10526315789473684
16 SDHB,1.0,0.1111111111111111
16 SDHB,1.0,0.11764705882352941
16 SDHB,1.0,0.125
16 SDHB,1.0,0.13333333333333333
16 SDHB,1.0,0.14285714285714285
16 SDHB,1.0,0.15384615384615385
16 SDHB,1.0,0.16666666666666666
16 SDHB,1.0,0.18181818181818182
16 SDHB,1.0,0.2
16 SDHB,1.0,0.2222222222222222
16 SDHB,1.0,0.25
16 SDHB,1.0,0.2857142857142857
16 SDHB,1.0,0.3333333333333333
16 SDHB,1.0,0.4
16 SDHB,1.0,0.5
16 SDHB,1.0,0.6666666666666666
16 SDHB,1.0,1.0
16 SDHB,0.5,1.0
16 SDHB,0.0,1.0
17 PR,1.0,0.045
17 PR,1.0,0.04522613065326633
17 PR,1.0,0.045454545454545456
17 PR,1.0,0.04568527918781726
17 PR,1.0,0.04591836734693878
17 PR,1.0,0.046153846153846156
17 PR,1.0,0.04639175257731959
17 PR,1.0,0.046632124352331605
17 PR,1.0,0.046875
17 PR,1.0,0.04712041884816754
17 PR,1.0,0.04736842105263158
17 PR,1.0,0.047619047619047616
17 PR,1.0,0.047872340425531915
17 PR,1.0,0.0481283422459893
17 PR,1.0,0.04838709677419355
17 PR,1.0,0.04864864864864865
17 PR,1.0,0.04891304347826087
17 PR,1.0,0.04918032786885246
17 PR,1.0,0.04945054945054945
17 PR,1.0,0.049723756906077346
17 PR,1.0,0.05
17 PR,1.0,0.05027932960893855
17 PR,1.0,0.05056179775280899
17 PR,1.0,0.05084745762711865
17 PR,1.0,0.05113636363636364
17 PR,1.0,0.05142857142857143
17 PR,1.0,0.05172413793103448
17 PR,1.0,0.05202312138728324
17 PR,1.0,0.05232558139534884
17 PR,1.0,0.05263157894736842
17 PR,1.0,0.052941176470588235
17 PR,1.0,0.05325443786982249
17 PR,1.0,0.05357142857142857
17 PR,1.0,0.05389221556886228
17 PR,1.0,0.05421686746987952
17 PR,1.0,0.05454545454545454
17 PR,1.0,0.054878048780487805
17 PR,1.0,0.05521472392638037
17 PR,1.0,0.05555555555555555
17 PR,1.0,0.055900621118012424
17 PR,1.0,0.05625
17 PR,1.0,0.05660377358490566
17 PR,1.0,0.056962025316455694
17 PR,1.0,0.05732484076433121
17 PR,1.0,0.057692307692307696
17 PR,1.0,0.05806451612903226
17 PR,1.0,0.05844155844155844
17 PR,1.0,0.058823529411764705
17 PR,1.0,0.05921052631578947
17 PR,1.0,0.059602649006622516
17 PR,1.0,0.06
17 PR,1.0,0.06040268456375839
17 PR,1.0,0.060810810810810814
17 PR,1.0,0.061224489795918366
17 PR,1.0,0.06164383561643835
17 PR,1.0,0.06206896551724138
17 PR,1.0,0.0625
17 PR,1.0,0.06293706293706294
17 PR,1.0,0.06338028169014084
17 PR,1.0,0.06382978723404255
17 PR,1.0,0.06428571428571428
17 PR,1.0,0.06474820143884892
17 PR,1.0,0.06521739130434782
17 PR,1.0,0.06569343065693431
17 PR,1.0,0.0661764705882353
17 PR,1.0,0.06666666666666667
17 PR,1.0,0.06716417910447761
17 PR,1.0,0.06766917293233082
17 PR,1.0,0.06818181818181818
17 PR,1.0,0.06870229007633588
17 PR,1.0,0.06923076923076923
17 PR,1.0,0.06976744186046512
17 PR,1.0,0.0703125
17 PR,1.0,0.07086614173228346
17 PR,1.0,0.07142857142857142
17 PR,1.0,0.072
17 PR,1.0,0.07258064516129033
17 PR,1.0,0.07317073170731707
17 PR,1.0,0.07377049180327869
17 PR,1.0,0.0743801652892562
17 PR,1.0,0.075
17 PR,1.0,0.07563025210084033
17 PR,1.0,0.07627118644067797
17 PR,1.0,0.07692307692307693
17 PR,1.0,0.0782608695652174
17 PR,1.0,0.07894736842105263
17 PR,1.0,0.07964601769911504
17 PR,1.0,0.08035714285714286
17 PR,1.0,0.08108108108108109
17 PR,1.0,0.08181818181818182
17 PR,1.0,0.08256880733944955
17 PR,1.0,0.08333333333333333
17 PR,1.0,0.08411214953271028
17 PR,1.0,0.08490566037735849
17 PR,1.0,0.08571428571428572
17 PR,1.0,0.08653846153846154
17 PR,1.0,0.08737864077669903
17 PR,1.0,0.08823529411764706
17 PR,1.0,0.0891089108910891
17 PR,1.0,0.09
17 PR,1.0,0.09090909090909091
17 PR,1.0,0.09183673469387756
17 PR,1.0,0.09278350515463918
17 PR,1.0,0.09375
17 PR,1.0,0.09473684210526316
17 PR,1.0,0.09574468085106383
17 PR,1.0,0.0967741935483871
17 PR,1.0,0.09782608695652174
17 PR,1.0,0.0989010989010989
17 PR,1.0,0.1
17 PR,1.0,0.10112359550561797
17 PR,1.0,0.10227272727272728
17 PR,1.0,0.10344827586206896
17 PR,1.0,0.10465116279069768
17 PR,1.0,0.10588235294117647
17 PR,1.0,0.10714285714285714
17 PR,1.0,0.10843373493975904
17 PR,1.0,0.10975609756097561
17 PR,1.0,0.1111111111111111
17 PR,1.0,0.1125
17 PR,1.0,0.11392405063291139
17 PR,1.0,0.11538461538461539
17 PR,1.0,0.11688311688311688
17 PR,1.0,0.11842105263157894
17 PR,1.0,0.12
17 PR,1.0,0.12162162162162163
17 PR,1.0,0.1232876712328767
17 PR,1.0,0.125
17 PR,1.0,0.1267605633802817
17 PR,1.0,0.12857142857142856
17 PR,1.0,0.13043478260869565
17 PR,1.0,0.1323529411764706
17 PR,1.0,0.13432835820895522
17 PR,1.0,0.13636363636363635
17 PR,1.0,0.13846153846153847
17 PR,1.0,0.140625
17 PR,1.0,0.14285714285714285
17 PR,1.0,0.14516129032258066
17 PR,1.0,0.14754098360655737
17 PR,1.0,0.15
17 PR,1.0,0.15254237288135594
17 PR,1.0,0.15517241379310345
17 PR,1.0,0.15789473684210525
17 PR,1.0,0.16071428571428573
17 PR,1.0,0.16363636363636364
17 PR,1.0,0.16666666666666666
17 PR,1.0,0.16981132075471697
17 PR,1.0,0.17307692307692307
17 PR,1.0,0.17647058823529413
17 PR,1.0,0.18
17 PR,1.0,0.1836734693877551
17 PR,1.0,0.1875
17 PR,1.0,0.19148936170212766
17 PR,1.0,0.1956521739130435
17 PR,1.0,0.2
17 PR,1.0,0.20454545454545456
17 PR,1.0,0.21428571428571427
17 PR,1.0,0.21951219512195122
17 PR,1.0,0.225
17 PR,1.0,0.23076923076923078
17 PR,1.0,0.23684210526315788
17 PR,1.0,0.24324324324324326
17 PR,1.0,0.25
17 PR,1.0,0.2571428571428571
17 PR,1.0,0.2647058823529412
17 PR,1.0,0.2727272727272727
17 PR,1.0,0.28125
17 PR,1.0,0.2903225806451613
17 PR,1.0,0.3
17 PR,1.0,0.3103448275862069
17 PR,1.0,0.32142857142857145
17 PR,1.0,0.3333333333333333
17 PR,1.0,0.34615384615384615
17 PR,1.0,0.36
17 PR,1.0,0.375
17 PR,1.0,0.391304347826087
17 PR,1.0,0.4090909090909091
17 PR,1.0,0.42857142857142855
17 PR,1.0,0.45
17 PR,1.0,0.47368421052631576
17 PR,1.0,0.5
17 PR,1.0,0.5294117647058824
17 PR,1.0,0.5625
17 PR,1.0,0.6
17 PR,1.0,0.6428571428571429
17 PR,1.0,0.6923076923076923
17 PR,1.0,0.75
17 PR,1.0,0.8181818181818182
17 PR,1.0,0.9
17 PR,1.0,1.0
17 PR,0.8888888888888888,1.0
17 PR,0.7777777777777778,1.0
17 PR,0.6666666666666666,1.0
17 PR,0.5555555555555556,1.0
17 PR,0.4444444444444444,1.0
17 PR,0.3333333333333333,1.0
17 PR,0.2222222222222222,1.0
17 PR,0.1111111111111111,1.0
17 PR,0.0,1.0
2 APB,1.0,0.065
2 APB,1.0,0.06532663316582915
2 APB,1.0,0.06565656565656566
2 APB,1.0,0.06598984771573604
2 APB,1.0,0.0663265306122449
2 APB,1.0,0.06666666666666667
2 APB,1.0,0.06701030927835051
2 APB,1.0,0.06735751295336788
2 APB,1.0,0.06770833333333333
2 APB,1.0,0.06806282722513089
2 APB,1.0,0.06842105263157895
2 APB,1.0,0.06878306878306878
2 APB,1.0,0.06914893617021277
2 APB,1.0,0.06951871657754011
2 APB,1.0,0.06989247311827956
2 APB,1.0,0.07027027027027027
2 APB,1.0,0.07065217391304347
2 APB,1.0,0.07103825136612021
2 APB,1.0,0.07142857142857142
2 APB,1.0,0.0718232044198895
2 APB,1.0,0.07222222222222222
2 APB,1.0,0.07262569832402235
2 APB,1.0,0.07303370786516854
2 APB,1.0,0.07344632768361582
2 APB,1.0,0.07386363636363637
2 APB,1.0,0.07428571428571429
2 APB,1.0,0.07471264367816093
2 APB,1.0,0.07514450867052024
2 APB,1.0,0.0755813953488372
2 APB,1.0,0.07602339181286549
2 APB,1.0,0.07647058823529412
2 APB,1.0,0.07692307692307693
2 APB,1.0,0.07738095238095238
2 APB,1.0,0.07784431137724551
2 APB,1.0,0.0783132530120482
2 APB,1.0,0.07926829268292683
2 APB,1.0,0.07975460122699386
2 APB,1.0,0.08024691358024691
2 APB,1.0,0.08074534161490683
2 APB,1.0,0.08125
2 APB,1.0,0.08176100628930817
2 APB,1.0,0.08227848101265822
2 APB,1.0,0.08280254777070063
2 APB,1.0,0.08333333333333333
2 APB,1.0,0.08387096774193549
2 APB,1.0,0.08441558441558442
2 APB,1.0,0.08496732026143791
2 APB,1.0,0.08552631578947369
2 APB,1.0,0.08609271523178808
2 APB,1.0,0.08666666666666667
2 APB,1.0,0.087248322147651
2 APB,1.0,0.08783783783783784
2 APB,1.0,0.08843537414965986
2 APB,1.0,0.08904109589041095
2 APB,1.0,0.0896551724137931
2 APB,1.0,0.09027777777777778
2 APB,1.0,0.09090909090909091
2 APB,1.0,0.09154929577464789
2 APB,1.0,0.09219858156028368
2 APB,1.0,0.09285714285714286
2 APB,1.0,0.09352517985611511
2 APB,1.0,0.09420289855072464
2 APB,1.0,0.0948905109489051
2 APB,1.0,0.09558823529411764
2 APB,1.0,0.0962962962962963
2 APB,1.0,0.09701492537313433
2 APB,1.0,0.09774436090225563
2 APB,1.0,0.09848484848484848
2 APB,1.0,0.09923664122137404
2 APB,1.0,0.1
2 APB,1.0,0.10077519379844961
2 APB,1.0,0.1015625
2 APB,1.0,0.10236220472440945
2 APB,1.0,0.10317460317460317
2 APB,1.0,0.104
2 APB,1.0,0.10483870967741936
2 APB,1.0,0.10569105691056911
2 APB,1.0,0.10655737704918032
2 APB,1.0,0.10743801652892562
2 APB,1.0,0.10833333333333334
2 APB,1.0,0.1092436974789916
2 APB,1.0,0.11016949152542373
2 APB,1.0,0.1111111111111111
2 APB,1.0,0.11206896551724138
2 APB,1.0,0.11304347826086956
2 APB,1.0,0.11403508771929824
2 APB,1.0,0.11504424778761062
2 APB,1.0,0.11607142857142858
2 APB,1.0,0.11711711711711711
2 APB,1.0,0.11818181818181818
2 APB,1.0,0.11926605504587157
2 APB,1.0,0.12037037037037036
2 APB,1.0,0.12149532710280374
2 APB,1.0,0.12264150943396226
2 APB,1.0,0.12380952380952381
2 APB,1.0,0.125
2 APB,1.0,0.1262135922330097
2 APB,1.0,0.12745098039215685
2 APB,1.0,0.12871287128712872
2 APB,1.0,0.13
2 APB,1.0,0.13131313131313133
2 APB,1.0,0.1326530612244898
2 APB,1.0,0.13402061855670103
2 APB,1.0,0.13541666666666666
2 APB,1.0,0.1368421052631579
2 APB,1.0,0.13829787234042554
2 APB,1.0,0.13978494623655913
2 APB,1.0,0.14130434782608695
2 APB,1.0,0.14285714285714285
2 APB,1.0,0.14444444444444443
2 APB,1.0,0.14606741573033707
2 APB,1.0,0.14942528735632185
2 APB,1.0,0.1511627906976744
2 APB,1.0,0.15294117647058825
2 APB,1.0,0.15476190476190477
2 APB,1.0,0.1566265060240964
2 APB,1.0,0.15853658536585366
2 APB,1.0,0.16049382716049382
2 APB,1.0,0.1625
2 APB,1.0,0.16455696202531644
2 APB,1.0,0.16666666666666666
2 APB,1.0,0.16883116883116883
2 APB,1.0,0.17105263157894737
2 APB,1.0,0.17333333333333334
2 APB,1.0,0.17567567567567569
2 APB,1.0,0.1780821917808219
2 APB,1.0,0.18055555555555555
2 APB,1.0,0.18309859154929578
2 APB,1.0,0.18571428571428572
2 APB,1.0,0.18840579710144928
2 APB,1.0,0.19117647058823528
2 APB,1.0,0.19402985074626866
2 APB,1.0,0.19696969696969696
2 APB,1.0,0.2
2 APB,1.0,0.203125
2 APB,1.0,0.20634920634920634
2 APB,1.0,0.20967741935483872
2 APB,1.0,0.21311475409836064
2 APB,1.0,0.21666666666666667
2 APB,1.0,0.22033898305084745
2 APB,1.0,0.22413793103448276
2 APB,1.0,0.22807017543859648
2 APB,1.0,0.23214285714285715
2 APB,0.9230769230769231,0.21818181818181817
2 APB,0.9230769230769231,0.2222222222222222
2 APB,0.9230769230769231,0.22641509433962265
2 APB,0.9230769230769231,0.23076923076923078
2 APB,0.9230769230769231,0.23529411764705882
2 APB,0.9230769230769231,0.24
2 APB,0.9230769230769231,0.24489795918367346
2 APB,0.9230769230769231,0.25
2 APB,0.9230769230769231,0.2553191489361702
2 APB,0.9230769230769231,0.2608695652173913
2 APB,0.9230769230769231,0.26666666666666666
2 APB,0.9230769230769231,0.2727272727272727
2 APB,0.9230769230769231,0.27906976744186046
2 APB,0.9230769230769231,0.2857142857142857
2 APB,0.9230769230769231,0.2926829268292683
2 APB,0.9230769230769231,0.3
2 APB,0.9230769230769231,0.3076923076923077
2 APB,0.9230769230769231,0.3157894736842105
2 APB,0.9230769230769231,0.32432432432432434
2 APB,0.9230769230769231,0.3333333333333333
2 APB,0.9230769230769231,0.34285714285714286
2 APB,0.9230769230769231,0.35294117647058826
2 APB,0.9230769230769231,0.36363636363636365
2 APB,0.9230769230769231,0.375
2 APB,0.9230769230769231,0.3870967741935484
2 APB,0.9230769230769231,0.4
2 APB,0.9230769230769231,0.41379310344827586
2 APB,0.9230769230769231,0.42857142857142855
2 APB,0.9230769230769231,0.4444444444444444
2 APB,0.9230769230769231,0.46153846153846156
2 APB,0.9230769230769231,0.48
2 APB,0.9230769230769231,0.5
2 APB,0.9230769230769231,0.5217391304347826
2 APB,0.9230769230769231,0.5454545454545454
2 APB,0.8461538461538461,0.5238095238095238
2 APB,0.8461538461538461,0.55
2 APB,0.8461538461538461,0.5789473684210527
2 APB,0.7692307692307693,0.5555555555555556
2 APB,0.7692307692307693,0.5882352941176471
2 APB,0.7692307692307693,0.625
2 APB,0.7692307692307693,0.6666666666666666
2 APB,0.7692307692307693,0.7142857142857143
2 APB,0.7692307692307693,0.7692307692307693
2 APB,0.7692307692307693,0.8333333333333334
2 APB,0.6923076923076923,0.8181818181818182
2 APB,0.6923076923076923,0.9
2 APB,0.6153846153846154,0.8888888888888888
2 APB,0.6153846153846154,1.0
2 APB,0.5384615384615384,1.0
2 APB,0.46153846153846156,1.0
2 APB,0.38461538461538464,1.0
2 APB,0.3076923076923077,1.0
2 APB,0.23076923076923078,1.0
2 APB,0.15384615384615385,1.0
2 APB,0.07692307692307693,1.0
2 APB,0.0,1.0
3 AFL,1.0,0.02
3 AFL,1.0,0.020100502512562814
3 AFL,1.0,0.020202020202020204
3 AFL,1.0,0.02030456852791878
3 AFL,1.0,0.02040816326530612
3 AFL,1.0,0.020512820512820513
3 AFL,1.0,0.020618556701030927
3 AFL,1.0,0.02072538860103627
3 AFL,1.0,0.020833333333333332
3 AFL,1.0,0.020942408376963352
3 AFL,1.0,0.021052631578947368
3 AFL,1.0,0.021164021164021163
3 AFL,1.0,0.02127659574468085
3 AFL,1.0,0.021505376344086023
3 AFL,1.0,0.021621621621621623
3 AFL,1.0,0.021739130434782608
3 AFL,1.0,0.02185792349726776
3 AFL,1.0,0.02197802197802198
3 AFL,1.0,0.022099447513812154
3 AFL,1.0,0.022222222222222223
3 AFL,1.0,0.0223463687150838
3 AFL,1.0,0.02247191011235955
3 AFL,1.0,0.022598870056497175
3 AFL,1.0,0.022727272727272728
3 AFL,1.0,0.022857142857142857
3 AFL,1.0,0.022988505747126436
3 AFL,1.0,0.023121387283236993
3 AFL,1.0,0.023255813953488372
3 AFL,1.0,0.023391812865497075
3 AFL,1.0,0.023529411764705882
3 AFL,1.0,0.023668639053254437
3 AFL,1.0,0.023809523809523808
3 AFL,1.0,0.023952095808383235
3 AFL,1.0,0.024096385542168676
3 AFL,1.0,0.024242424242424242
3 AFL,1.0,0.024390243902439025
3 AFL,1.0,0.024539877300613498
3 AFL,1.0,0.024691358024691357
3 AFL,1.0,0.024844720496894408
3 AFL,1.0,0.025
3 AFL,1.0,0.025157232704402517
3 AFL,1.0,0.02531645569620253
3 AFL,1.0,0.025477707006369428
3 AFL,1.0,0.02564102564102564
3 AFL,1.0,0.025806451612903226
3 AFL,1.0,0.025974025974025976
3 AFL,1.0,0.026143790849673203
3 AFL,1.0,0.02631578947368421
3 AFL,1.0,0.026490066225165563
3 AFL,1.0,0.02666666666666667
3 AFL,1.0,0.026845637583892617
3 AFL,1.0,0.02702702702702703
3 AFL,1.0,0.027210884353741496
3 AFL,1.0,0.0273972602739726
3 AFL,1.0,0.027586206896551724
3 AFL,1.0,0.027777777777777776
3 AFL,1.0,0.027972027972027972
3 AFL,1.0,0.028169014084507043
3 AFL,1.0,0.028368794326241134
3 AFL,1.0,0.02857142857142857
3 AFL,1.0,0.02877697841726619
3 AFL,1.0,0.028985507246376812
3 AFL,1.0,0.029197080291970802
3 AFL,1.0,0.029411764705882353
3 AFL,1.0,0.02962962962962963
3 AFL,1.0,0.029850746268656716
3 AFL,1.0,0.03007518796992481
3 AFL,1.0,0.030303030303030304
3 AFL,1.0,0.030534351145038167
3 AFL,1.0,0.03076923076923077
3 AFL,1.0,0.031007751937984496
3 AFL,1.0,0.03125
3 AFL,1.0,0.031496062992125984
3 AFL,1.0,0.031746031746031744
3 AFL,1.0,0.032
3 AFL,1.0,0.03225806451612903
3 AFL,1.0,0.032520325203252036
3 AFL,1.0,0.03278688524590164
3 AFL,1.0,0.03305785123966942
3 AFL,1.0,0.03333333333333333
3 AFL,1.0,0.03361344537815126
3 AFL,1.0,0.03389830508474576
3 AFL,1.0,0.03418803418803419
3 AFL,1.0,0.034482758620689655
3 AFL,1.0,0.034782608695652174
3 AFL,1.0,0.03508771929824561
3 AFL,1.0,0.035398230088495575
3 AFL,1.0,0.03571428571428571
3 AFL,1.0,0.036036036036036036
3 AFL,1.0,0.03636363636363636
3 AFL,1.0,0.03669724770642202
3 AFL,1.0,0.037037037037037035
3 AFL,1.0,0.037383177570093455
3 AFL,1.0,0.03773584905660377
3 AFL,1.0,0.0380952380952381
3 AFL,1.0,0.038461538461538464
3 AFL,1.0,0.038834951456310676
3 AFL,1.0,0.0392156862745098
3 AFL,1.0,0.039603960396039604
3 AFL,1.0,0.04
3 AFL,1.0,0.04040404040404041
3 AFL,1.0,0.04081632653061224
3 AFL,1.0,0.041237113402061855
3 AFL,1.0,0.041666666666666664
3 AFL,1.0,0.042105263157894736
3 AFL,1.0,0.0425531914893617
3 AFL,1.0,0.043010752688172046
3 AFL,1.0,0.043478260869565216
3 AFL,1.0,0.04395604395604396
3 AFL,1.0,0.044444444444444446
3 AFL,1.0,0.0449438202247191
3 AFL,1.0,0.045454545454545456
3 AFL,1.0,0.04597701149425287
3 AFL,1.0,0.046511627906976744
3 AFL,1.0,0.047058823529411764
3 AFL,1.0,0.047619047619047616
3 AFL,1.0,0.04819277108433735
3 AFL,1.0,0.04878048780487805
3 AFL,1.0,0.04938271604938271
3 AFL,1.0,0.05
3 AFL,1.0,0.05063291139240506
3 AFL,1.0,0.05128205128205128
3 AFL,1.0,0.05194805194805195
3 AFL,1.0,0.05263157894736842
3 AFL,1.0,0.05333333333333334
3 AFL,1.0,0.0547945205479452
3 AFL,1.0,0.05555555555555555
3 AFL,1.0,0.056338028169014086
3 AFL,1.0,0.05714285714285714
3 AFL,1.0,0.057971014492753624
3 AFL,1.0,0.058823529411764705
3 AFL,1.0,0.05970149253731343
3 AFL,1.0,0.06060606060606061
3 AFL,1.0,0.06153846153846154
3 AFL,1.0,0.0625
3 AFL,1.0,0.06349206349206349
3 AFL,1.0,0.06451612903225806
3 AFL,1.0,0.06557377049180328
3 AFL,1.0,0.06666666666666667
3 AFL,1.0,0.06779661016949153
3 AFL,1.0,0.06896551724137931
3 AFL,1.0,0.07017543859649122
3 AFL,1.0,0.07142857142857142
3 AFL,1.0,0.07272727272727272
3 AFL,1.0,0.07407407407407407
3 AFL,1.0,0.07547169811320754
3 AFL,1.0,0.07692307692307693
3 AFL,1.0,0.0784313725490196
3 AFL,1.0,0.08
3 AFL,1.0,0.08163265306122448
3 AFL,1.0,0.08333333333333333
3 AFL,1.0,0.0851063829787234
3 AFL,1.0,0.08695652173913043
3 AFL,1.0,0.08888888888888889
3 AFL,1.0,0.09090909090909091
3 AFL,1.0,0.09302325581395349
3 AFL,1.0,0.09523809523809523
3 AFL,1.0,0.0975609756097561
3 AFL,1.0,0.1
3 AFL,1.0,0.10256410256410256
3 AFL,1.0,0.10526315789473684
3 AFL,1.0,0.10810810810810811
3 AFL,1.0,0.1111111111111111
3 AFL,1.0,0.11428571428571428
3 AFL,1.0,0.11764705882352941
3 AFL,1.0,0.12121212121212122
3 AFL,1.0,0.125
3 AFL,1.0,0.12903225806451613
3 AFL,1.0,0.13333333333333333
3 AFL,1.0,0.13793103448275862
3 AFL,1.0,0.14285714285714285
3 AFL,1.0,0.14814814814814814
3 AFL,1.0,0.15384615384615385
3 AFL,1.0,0.16
3 AFL,1.0,0.16666666666666666
3 AFL,1.0,0.17391304347826086
3 AFL,1.0,0.18181818181818182
3 AFL,1.0,0.19047619047619047
3 AFL,1.0,0.2
3 AFL,1.0,0.21052631578947367
3 AFL,1.0,0.2222222222222222
3 AFL,1.0,0.23529411764705882
3 AFL,1.0,0.25
3 AFL,1.0,0.26666666666666666
3 AFL,1.0,0.2857142857142857
3 AFL,1.0,0.3076923076923077
3 AFL,1.0,0.3333333333333333
3 AFL,1.0,0.36363636363636365
3 AFL,1.0,0.4
3 AFL,1.0,0.4444444444444444
3 AFL,1.0,0.5
3 AFL,1.0,0.5714285714285714
3 AFL,1.0,0.6666666666666666
3 AFL,1.0,0.8
3 AFL,0.75,0.75
3 AFL,0.5,0.6666666666666666
3 AFL,0.5,1.0
3 AFL,0.25,1.0
3 AFL,0.0,1.0
4 AFIB,1.0,0.135
4 AFIB,1.0,0.135678391959799
4 AFIB,1.0,0.13636363636363635
4 AFIB,1.0,0.13705583756345177
4 AFIB,1.0,0.1377551020408163
4 AFIB,1.0,0.13846153846153847
4 AFIB,1.0,0.13917525773195877
4 AFIB,1.0,0.13989637305699482
4 AFIB,1.0,0.140625
4 AFIB,1.0,0.14136125654450263
4 AFIB,1.0,0.14210526315789473
4 AFIB,1.0,0.14285714285714285
4 AFIB,1.0,0.14361702127659576
4 AFIB,1.0,0.1443850267379679
4 AFIB,1.0,0.14516129032258066
4 AFIB,1.0,0.14594594594594595
4 AFIB,1.0,0.14673913043478262
4 AFIB,1.0,0.14754098360655737
4 AFIB,1.0,0.14835164835164835
4 AFIB,1.0,0.14917127071823205
4 AFIB,1.0,0.15
4 AFIB,1.0,0.15083798882681565
4 AFIB,1.0,0.15168539325842698
4 AFIB,1.0,0.1534090909090909
4 AFIB,1.0,0.15428571428571428
4 AFIB,1.0,0.15517241379310345
4 AFIB,1.0,0.15606936416184972
4 AFIB,1.0,0.1569767441860465
4 AFIB,1.0,0.15789473684210525
4 AFIB,1.0,0.1588235294117647
4 AFIB,1.0,0.15976331360946747
4 AFIB,1.0,0.16071428571428573
4 AFIB,1.0,0.16167664670658682
4 AFIB,1.0,0.16265060240963855
4 AFIB,1.0,0.16363636363636364
4 AFIB,1.0,0.1656441717791411
4 AFIB,1.0,0.16666666666666666
4 AFIB,1.0,0.16770186335403728
4 AFIB,1.0,0.16875
4 AFIB,1.0,0.16981132075471697
4 AFIB,1.0,0.17088607594936708
4 AFIB,1.0,0.17197452229299362
4 AFIB,1.0,0.17307692307692307
4 AFIB,1.0,0.17419354838709677
4 AFIB,1.0,0.17532467532467533
4 AFIB,1.0,0.17647058823529413
4 AFIB,1.0,0.17763157894736842
4 AFIB,1.0,0.17880794701986755
4 AFIB,1.0,0.18
4 AFIB,1.0,0.18120805369127516
4 AFIB,1.0,0.18243243243243243
4 AFIB,1.0,0.1836734693877551
4 AFIB,1.0,0.18493150684931506
4 AFIB,1.0,0.18620689655172415
4 AFIB,1.0,0.1875
4 AFIB,1.0,0.1888111888111888
4 AFIB,1.0,0.19014084507042253
4 AFIB,1.0,0.19148936170212766
4 AFIB,1.0,0.19285714285714287
4 AFIB,1.0,0.19424460431654678
4 AFIB,1.0,0.1956521739130435
4 AFIB,1.0,0.19708029197080293
4 AFIB,1.0,0.19852941176470587
4 AFIB,1.0,0.2
4 AFIB,1.0,0.20149253731343283
4 AFIB,1.0,0.20300751879699247
4 AFIB,1.0,0.20454545454545456
4 AFIB,1.0,0.20610687022900764
4 AFIB,1.0,0.2076923076923077
4 AFIB,1.0,0.20930232558139536
4 AFIB,1.0,0.2109375
4 AFIB,1.0,0.2125984251968504
4 AFIB,1.0,0.21428571428571427
4 AFIB,1.0,0.216
4 AFIB,1.0,0.21774193548387097
4 AFIB,1.0,0.21951219512195122
4 AFIB,1.0,0.22131147540983606
4 AFIB,1.0,0.2231404958677686
4 AFIB,1.0,0.225
4 AFIB,1.0,0.226890756302521
4 AFIB,1.0,0.2288135593220339
4 AFIB,1.0,0.23076923076923078
4 AFIB,1.0,0.23275862068965517
4 AFIB,1.0,0.23478260869565218
4 AFIB,1.0,0.23684210526315788
4 AFIB,1.0,0.23893805309734514
4 AFIB,1.0,0.24107142857142858
4 AFIB,1.0,0.24324324324324326
4 AFIB,1.0,0.24545454545454545
4 AFIB,1.0,0.24770642201834864
4 AFIB,1.0,0.25
4 AFIB,1.0,0.2523364485981308
4 AFIB,1.0,0.25471698113207547
4 AFIB,1.0,0.2571428571428571
4 AFIB,1.0,0.25961538461538464
4 AFIB,1.0,0.2621359223300971
4 AFIB,1.0,0.2647058823529412
4 AFIB,1.0,0.26732673267326734
4 AFIB,1.0,0.27
4 AFIB,1.0,0.2727272727272727
4 AFIB,1.0,0.2755102040816326
4 AFIB,1.0,0.27835051546391754
4 AFIB,1.0,0.28125
4 AFIB,1.0,0.28421052631578947
4 AFIB,1.0,0.2872340425531915
4 AFIB,1.0,0.2903225806451613
4 AFIB,1.0,0.29347826086956524
4 AFIB,1.0,0.2967032967032967
4 AFIB,1.0,0.3
4 AFIB,1.0,0.30337078651685395
4 AFIB,1.0,0.3068181818181818
4 AFIB,1.0,0.3103448275862069
4 AFIB,1.0,0.313953488372093
4 AFIB,1.0,0.3176470588235294
4 AFIB,1.0,0.32142857142857145
4 AFIB,1.0,0.3253012048192771
4 AFIB,1.0,0.32926829268292684
4 AFIB,1.0,0.3333333333333333
4 AFIB,1.0,0.3375
4 AFIB,1.0,0.34177215189873417
4 AFIB,1.0,0.34615384615384615
4 AFIB,1.0,0.35064935064935066
4 AFIB,1.0,0.35526315789473684
4 AFIB,1.0,0.36
4 AFIB,1.0,0.36486486486486486
4 AFIB,1.0,0.3698630136986301
4 AFIB,1.0,0.375
4 AFIB,1.0,0.38028169014084506
4 AFIB,1.0,0.38571428571428573
4 AFIB,1.0,0.391304347826087
4 AFIB,1.0,0.39705882352941174
4 AFIB,1.0,0.40298507462686567
4 AFIB,1.0,0.4090909090909091
4 AFIB,1.0,0.4153846153846154
4 AFIB,1.0,0.421875
4 AFIB,1.0,0.42857142857142855
4 AFIB,1.0,0.43548387096774194
4 AFIB,1.0,0.4426229508196721
4 AFIB,1.0,0.45
4 AFIB,1.0,0.4576271186440678
4 AFIB,1.0,0.46551724137931033
4 AFIB,1.0,0.47368421052631576
4 AFIB,1.0,0.48214285714285715
4 AFIB,1.0,0.4909090909090909
4 AFIB,1.0,0.5
4 AFIB,1.0,0.5094339622641509
4 AFIB,1.0,0.5192307692307693
4 AFIB,1.0,0.5294117647058824
4 AFIB,1.0,0.54
4 AFIB,1.0,0.5510204081632653
4 AFIB,1.0,0.5625
4 AFIB,1.0,0.574468085106383
4 AFIB,1.0,0.5869565217391305
4 AFIB,1.0,0.6
4 AFIB,1.0,0.6136363636363636
4 AFIB,1.0,0.627906976744186
4 AFIB,1.0,0.6428571428571429
4 AFIB,1.0,0.6585365853658537
4 AFIB,1.0,0.675
4 AFIB,1.0,0.6923076923076923
4 AFIB,1.0,0.7105263157894737
4 AFIB,1.0,0.7297297297297297
4 AFIB,1.0,0.75
4 AFIB,1.0,0.7714285714285715
4 AFIB,1.0,0.7941176470588235
4 AFIB,1.0,0.8181818181818182
4 AFIB,1.0,0.84375
4 AFIB,1.0,0.8709677419354839
4 AFIB,1.0,0.9
4 AFIB,1.0,0.9310344827586207
4 AFIB,1.0,0.9642857142857143
4 AFIB,0.9629629629629629,0.9629629629629629
4 AFIB,0.9259259259259259,0.9615384615384616
4 AFIB,0.8888888888888888,0.96
4 AFIB,0.8518518518518519,0.9583333333333334
4 AFIB,0.8148148148148148,0.9565217391304348
4 AFIB,0.8148148148148148,1.0
4 AFIB,0.7777777777777778,1.0
4 AFIB,0.7407407407407407,1.0
4 AFIB,0.7037037037037037,1.0
4 AFIB,0.6666666666666666,1.0
4 AFIB,0.6296296296296297,1.0
4 AFIB,0.5925925925925926,1.0
4 AFIB,0.5555555555555556,1.0
4 AFIB,0.5185185185185185,1.0
4 AFIB,0.48148148148148145,1.0
4 AFIB,0.4444444444444444,1.0
4 AFIB,0.4074074074074074,1.0
4 AFIB,0.37037037037037035,1.0
4 AFIB,0.3333333333333333,1.0
4 AFIB,0.2962962962962963,1.0
4 AFIB,0.25925925925925924,1.0
4 AFIB,0.2222222222222222,1.0
4 AFIB,0.18518518518518517,1.0
4 AFIB,0.14814814814814814,1.0
4 AFIB,0.1111111111111111,1.0
4 AFIB,0.07407407407407407,1.0
4 AFIB,0.037037037037037035,1.0
4 AFIB,0.0,1.0
5 SVTA,1.0,0.015
5 SVTA,1.0,0.01507537688442211
5 SVTA,1.0,0.015151515151515152
5 SVTA,1.0,0.015228426395939087
5 SVTA,1.0,0.015306122448979591
5 SVTA,1.0,0.015384615384615385
5 SVTA,1.0,0.015463917525773196
5 SVTA,1.0,0.015544041450777202
5 SVTA,1.0,0.015625
5 SVTA,1.0,0.015706806282722512
5 SVTA,1.0,0.015789473684210527
5 SVTA,1.0,0.015873015873015872
5 SVTA,1.0,0.015957446808510637
5 SVTA,1.0,0.016042780748663103
5 SVTA,1.0,0.016129032258064516
5 SVTA,1.0,0.016216216216216217
5 SVTA,1.0,0.016304347826086956
5 SVTA,1.0,0.01639344262295082
5 SVTA,1.0,0.016483516483516484
5 SVTA,1.0,0.016574585635359115
5 SVTA,1.0,0.016666666666666666
5 SVTA,1.0,0.01675977653631285
5 SVTA,1.0,0.016853932584269662
5 SVTA,1.0,0.01694915254237288
5 SVTA,1.0,0.017045454545454544
5 SVTA,1.0,0.017142857142857144
5 SVTA,1.0,0.017241379310344827
5 SVTA,1.0,0.017341040462427744
5 SVTA,1.0,0.01744186046511628
5 SVTA,1.0,0.017543859649122806
5 SVTA,1.0,0.01775147928994083
5 SVTA,1.0,0.017857142857142856
5 SVTA,1.0,0.017964071856287425
5 SVTA,1.0,0.018072289156626505
5 SVTA,1.0,0.01818181818181818
5 SVTA,1.0,0.018292682926829267
5 SVTA,1.0,0.018404907975460124
5 SVTA,1.0,0.018633540372670808
5 SVTA,1.0,0.01875
5 SVTA,1.0,0.018867924528301886
5 SVTA,1.0,0.0189873417721519
5 SVTA,1.0,0.01910828025477707
5 SVTA,1.0,0.019230769230769232
5 SVTA,1.0,0.01935483870967742
5 SVTA,1.0,0.01948051948051948
5 SVTA,1.0,0.0196078431372549
5 SVTA,1.0,0.019736842105263157
5 SVTA,1.0,0.019867549668874173
5 SVTA,1.0,0.02
5 SVTA,1.0,0.020134228187919462
5 SVTA,1.0,0.02027027027027027
5 SVTA,1.0,0.02040816326530612
5 SVTA,1.0,0.02054794520547945
5 SVTA,1.0,0.020689655172413793
5 SVTA,1.0,0.020833333333333332
5 SVTA,1.0,0.02097902097902098
5 SVTA,1.0,0.02112676056338028
5 SVTA,1.0,0.02127659574468085
5 SVTA,1.0,0.02142857142857143
5 SVTA,1.0,0.02158273381294964
5 SVTA,1.0,0.021739130434782608
5 SVTA,1.0,0.021897810218978103
5 SVTA,1.0,0.022058823529411766
5 SVTA,1.0,0.022222222222222223
5 SVTA,1.0,0.022388059701492536
5 SVTA,1.0,0.022556390977443608
5 SVTA,1.0,0.022727272727272728
5 SVTA,1.0,0.022900763358778626
5 SVTA,1.0,0.023076923076923078
5 SVTA,1.0,0.023255813953488372
5 SVTA,1.0,0.0234375
5 SVTA,1.0,0.023622047244094488
5 SVTA,1.0,0.023809523809523808
5 SVTA,1.0,0.024
5 SVTA,1.0,0.024193548387096774
5 SVTA,1.0,0.024390243902439025
5 SVTA,1.0,0.02459016393442623
5 SVTA,1.0,0.024793388429752067
5 SVTA,1.0,0.025
5 SVTA,1.0,0.025210084033613446
5 SVTA,1.0,0.025423728813559324
5 SVTA,1.0,0.02564102564102564
5 SVTA,1.0,0.02586206896551724
5 SVTA,1.0,0.02608695652173913
5 SVTA,1.0,0.02631578947368421
5 SVTA,1.0,0.02654867256637168
5 SVTA,1.0,0.026785714285714284
5 SVTA,1.0,0.02702702702702703
5 SVTA,1.0,0.02727272727272727
5 SVTA,1.0,0.027522935779816515
5 SVTA,1.0,0.027777777777777776
5 SVTA,1.0,0.028037383177570093
5 SVTA,1.0,0.02830188679245283
5 SVTA,1.0,0.02857142857142857
5 SVTA,1.0,0.028846153846153848
5 SVTA,1.0,0.02912621359223301
5 SVTA,1.0,0.029411764705882353
5 SVTA,1.0,0.0297029702970297
5 SVTA,1.0,0.03
5 SVTA,1.0,0.030303030303030304
5 SVTA,1.0,0.030612244897959183
5 SVTA,1.0,0.030927835051546393
5 SVTA,1.0,0.03125
5 SVTA,1.0,0.031578947368421054
5 SVTA,1.0,0.031914893617021274
5 SVTA,1.0,0.03225806451612903
5 SVTA,1.0,0.03260869565217391
5 SVTA,1.0,0.03296703296703297
5 SVTA,1.0,0.03333333333333333
5 SVTA,1.0,0.033707865168539325
5 SVTA,1.0,0.03409090909090909
5 SVTA,1.0,0.034482758620689655
5 SVTA,1.0,0.03488372093023256
5 SVTA,1.0,0.03529411764705882
5 SVTA,1.0,0.03571428571428571
5 SVTA,1.0,0.03614457831325301
5 SVTA,1.0,0.036585365853658534
5 SVTA,1.0,0.037037037037037035
5 SVTA,1.0,0.0375
5 SVTA,1.0,0.0379746835443038
5 SVTA,1.0,0.038461538461538464
5 SVTA,1.0,0.03896103896103896
5 SVTA,1.0,0.039473684210526314
5 SVTA,1.0,0.04
5 SVTA,1.0,0.04054054054054054
5 SVTA,1.0,0.0410958904109589
5 SVTA,1.0,0.041666666666666664
5 SVTA,1.0,0.04225352112676056
5 SVTA,1.0,0.04285714285714286
5 SVTA,1.0,0.043478260869565216
5 SVTA,1.0,0.04411764705882353
5 SVTA,1.0,0.04477611940298507
5 SVTA,1.0,0.045454545454545456
5 SVTA,1.0,0.046153846153846156
5 SVTA,1.0,0.046875
5 SVTA,1.0,0.047619047619047616
5 SVTA,1.0,0.04838709677419355
5 SVTA,1.0,0.04918032786885246
5 SVTA,1.0,0.05
5 SVTA,1.0,0.05084745762711865
5 SVTA,1.0,0.05172413793103448
5 SVTA,1.0,0.05263157894736842
5 SVTA,1.0,0.05357142857142857
5 SVTA,1.0,0.05454545454545454
5 SVTA,1.0,0.05555555555555555
5 SVTA,1.0,0.05660377358490566
5 SVTA,1.0,0.057692307692307696
5 SVTA,1.0,0.058823529411764705
5 SVTA,1.0,0.06
5 SVTA,1.0,0.061224489795918366
5 SVTA,1.0,0.0625
5 SVTA,1.0,0.06382978723404255
5 SVTA,1.0,0.06521739130434782
5 SVTA,1.0,0.06666666666666667
5 SVTA,1.0,0.06818181818181818
5 SVTA,1.0,0.06976744186046512
5 SVTA,1.0,0.07142857142857142
5 SVTA,1.0,0.07317073170731707
5 SVTA,1.0,0.075
5 SVTA,1.0,0.07692307692307693
5 SVTA,1.0,0.07894736842105263
5 SVTA,1.0,0.08108108108108109
5 SVTA,1.0,0.08333333333333333
5 SVTA,1.0,0.08571428571428572
5 SVTA,1.0,0.08823529411764706
5 SVTA,1.0,0.09090909090909091
5 SVTA,1.0,0.09375
5 SVTA,1.0,0.0967741935483871
5 SVTA,1.0,0.1
5 SVTA,1.0,0.10344827586206896
5 SVTA,1.0,0.10714285714285714
5 SVTA,1.0,0.1111111111111111
5 SVTA,1.0,0.11538461538461539
5 SVTA,1.0,0.12
5 SVTA,1.0,0.125
5 SVTA,1.0,0.13043478260869565
5 SVTA,1.0,0.13636363636363635
5 SVTA,1.0,0.14285714285714285
5 SVTA,1.0,0.15
5 SVTA,1.0,0.15789473684210525
5 SVTA,1.0,0.16666666666666666
5 SVTA,1.0,0.17647058823529413
5 SVTA,1.0,0.1875
5 SVTA,1.0,0.2
5 SVTA,1.0,0.21428571428571427
5 SVTA,1.0,0.23076923076923078
5 SVTA,1.0,0.25
5 SVTA,0.6666666666666666,0.18181818181818182
5 SVTA,0.6666666666666666,0.2
5 SVTA,0.6666666666666666,0.2222222222222222
5 SVTA,0.6666666666666666,0.25
5 SVTA,0.6666666666666666,0.2857142857142857
5 SVTA,0.6666666666666666,0.3333333333333333
5 SVTA,0.6666666666666666,0.4
5 SVTA,0.6666666666666666,0.5
5 SVTA,0.6666666666666666,0.6666666666666666
5 SVTA,0.6666666666666666,1.0
5 SVTA,0.3333333333333333,1.0
5 SVTA,0.0,1.0
6 WPW,1.0,0.02
6 WPW,1.0,0.020100502512562814
6 WPW,1.0,0.020202020202020204
6 WPW,1.0,0.02030456852791878
6 WPW,1.0,0.02040816326530612
6 WPW,1.0,0.020512820512820513
6 WPW,1.0,0.020618556701030927
6 WPW,1.0,0.02072538860103627
6 WPW,1.0,0.020833333333333332
6 WPW,1.0,0.020942408376963352
6 WPW,1.0,0.021052631578947368
6 WPW,1.0,0.021164021164021163
6 WPW,1.0,0.02127659574468085
6 WPW,1.0,0.0213903743315508
6 WPW,1.0,0.021505376344086023
6 WPW,1.0,0.021621621621621623
6 WPW,1.0,0.021739130434782608
6 WPW,1.0,0.02185792349726776
6 WPW,1.0,0.02197802197802198
6 WPW,1.0,0.022099447513812154
6 WPW,1.0,0.022222222222222223
6 WPW,1.0,0.0223463687150838
6 WPW,1.0,0.022598870056497175
6 WPW,1.0,0.022727272727272728
6 WPW,1.0,0.022857142857142857
6 WPW,1.0,0.022988505747126436
6 WPW,1.0,0.023121387283236993
6 WPW,1.0,0.023255813953488372
6 WPW,1.0,0.023391812865497075
6 WPW,1.0,0.023529411764705882
6 WPW,1.0,0.023668639053254437
6 WPW,1.0,0.023809523809523808
6 WPW,1.0,0.023952095808383235
6 WPW,1.0,0.024096385542168676
6 WPW,1.0,0.024242424242424242
6 WPW,1.0,0.024390243902439025
6 WPW,1.0,0.024539877300613498
6 WPW,1.0,0.024691358024691357
6 WPW,1.0,0.024844720496894408
6 WPW,1.0,0.025
6 WPW,1.0,0.025157232704402517
6 WPW,1.0,0.02531645569620253
6 WPW,1.0,0.025477707006369428
6 WPW,1.0,0.02564102564102564
6 WPW,1.0,0.025806451612903226
6 WPW,1.0,0.025974025974025976
6 WPW,1.0,0.026143790849673203
6 WPW,1.0,0.02631578947368421
6 WPW,1.0,0.026490066225165563
6 WPW,1.0,0.02666666666666667
6 WPW,1.0,0.026845637583892617
6 WPW,1.0,0.02702702702702703
6 WPW,1.0,0.027210884353741496
6 WPW,1.0,0.0273972602739726
6 WPW,1.0,0.027586206896551724
6 WPW,1.0,0.027777777777777776
6 WPW,1.0,0.027972027972027972
6 WPW,1.0,0.028169014084507043
6 WPW,1.0,0.028368794326241134
6 WPW,1.0,0.02857142857142857
6 WPW,1.0,0.02877697841726619
6 WPW,1.0,0.028985507246376812
6 WPW,1.0,0.029197080291970802
6 WPW,1.0,0.029411764705882353
6 WPW,1.0,0.02962962962962963
6 WPW,1.0,0.029850746268656716
6 WPW,1.0,0.03007518796992481
6 WPW,1.0,0.030303030303030304
6 WPW,1.0,0.030534351145038167
6 WPW,1.0,0.03076923076923077
6 WPW,1.0,0.031007751937984496
6 WPW,1.0,0.03125
6 WPW,1.0,0.031496062992125984
6 WPW,1.0,0.031746031746031744
6 WPW,1.0,0.032
6 WPW,1.0,0.03225806451612903
6 WPW,1.0,0.032520325203252036
6 WPW,1.0,0.03278688524590164
6 WPW,1.0,0.03305785123966942
6 WPW,1.0,0.03333333333333333
6 WPW,1.0,0.03361344537815126
6 WPW,1.0,0.03389830508474576
6 WPW,1.0,0.03418803418803419
6 WPW,1.0,0.034482758620689655
6 WPW,1.0,0.034782608695652174
6 WPW,1.0,0.03508771929824561
6 WPW,1.0,0.035398230088495575
6 WPW,1.0,0.03571428571428571
6 WPW,1.0,0.036036036036036036
6 WPW,1.0,0.03669724770642202
6 WPW,1.0,0.037037037037037035
6 WPW,1.0,0.037383177570093455
6 WPW,1.0,0.03773584905660377
6 WPW,1.0,0.0380952380952381
6 WPW,1.0,0.038461538461538464
6 WPW,1.0,0.038834951456310676
6 WPW,1.0,0.0392156862745098
6 WPW,1.0,0.039603960396039604
6 WPW,1.0,0.04
6 WPW,1.0,0.04040404040404041
6 WPW,1.0,0.04081632653061224
6 WPW,1.0,0.041237113402061855
6 WPW,1.0,0.041666666666666664
6 WPW,1.0,0.042105263157894736
6 WPW,1.0,0.0425531914893617
6 WPW,1.0,0.043010752688172046
6 WPW,1.0,0.043478260869565216
6 WPW,1.0,0.04395604395604396
6 WPW,1.0,0.044444444444444446
6 WPW,1.0,0.0449438202247191
6 WPW,1.0,0.045454545454545456
6 WPW,1.0,0.04597701149425287
6 WPW,1.0,0.046511627906976744
6 WPW,1.0,0.047058823529411764
6 WPW,1.0,0.047619047619047616
6 WPW,1.0,0.04819277108433735
6 WPW,1.0,0.04878048780487805
6 WPW,1.0,0.04938271604938271
6 WPW,1.0,0.05
6 WPW,1.0,0.05063291139240506
6 WPW,1.0,0.05128205128205128
6 WPW,1.0,0.05194805194805195
6 WPW,1.0,0.05263157894736842
6 WPW,1.0,0.05333333333333334
6 WPW,1.0,0.05405405405405406
6 WPW,1.0,0.0547945205479452
6 WPW,1.0,0.05555555555555555
6 WPW,1.0,0.056338028169014086
6 WPW,1.0,0.05714285714285714
6 WPW,1.0,0.057971014492753624
6 WPW,1.0,0.058823529411764705
6 WPW,1.0,0.05970149253731343
6 WPW,1.0,0.06060606060606061
6 WPW,1.0,0.06153846153846154
6 WPW,1.0,0.0625
6 WPW,1.0,0.06349206349206349
6 WPW,1.0,0.06451612903225806
6 WPW,1.0,0.06557377049180328
6 WPW,1.0,0.06666666666666667
6 WPW,1.0,0.06779661016949153
6 WPW,1.0,0.06896551724137931
6 WPW,1.0,0.07017543859649122
6 WPW,1.0,0.07142857142857142
6 WPW,1.0,0.07272727272727272
6 WPW,1.0,0.07407407407407407
6 WPW,1.0,0.07547169811320754
6 WPW,1.0,0.07692307692307693
6 WPW,1.0,0.0784313725490196
6 WPW,1.0,0.08
6 WPW,1.0,0.08163265306122448
6 WPW,1.0,0.08333333333333333
6 WPW,1.0,0.0851063829787234
6 WPW,1.0,0.08695652173913043
6 WPW,1.0,0.08888888888888889
6 WPW,1.0,0.09090909090909091
6 WPW,1.0,0.09302325581395349
6 WPW,1.0,0.09523809523809523
6 WPW,1.0,0.0975609756097561
6 WPW,1.0,0.1
6 WPW,1.0,0.10256410256410256
6 WPW,1.0,0.10526315789473684
6 WPW,1.0,0.10810810810810811
6 WPW,1.0,0.1111111111111111
6 WPW,1.0,0.11428571428571428
6 WPW,1.0,0.11764705882352941
6 WPW,1.0,0.12121212121212122
6 WPW,1.0,0.125
6 WPW,1.0,0.12903225806451613
6 WPW,1.0,0.13333333333333333
6 WPW,1.0,0.13793103448275862
6 WPW,1.0,0.14285714285714285
6 WPW,1.0,0.14814814814814814
6 WPW,1.0,0.15384615384615385
6 WPW,1.0,0.16
6 WPW,1.0,0.16666666666666666
6 WPW,1.0,0.17391304347826086
6 WPW,1.0,0.18181818181818182
6 WPW,1.0,0.19047619047619047
6 WPW,1.0,0.2
6 WPW,1.0,0.21052631578947367
6 WPW,1.0,0.2222222222222222
6 WPW,1.0,0.23529411764705882
6 WPW,1.0,0.25
6 WPW,1.0,0.26666666666666666
6 WPW,1.0,0.2857142857142857
6 WPW,1.0,0.3076923076923077
6 WPW,1.0,0.3333333333333333
6 WPW,1.0,0.36363636363636365
6 WPW,1.0,0.4
6 WPW,1.0,0.4444444444444444
6 WPW,1.0,0.5
6 WPW,1.0,0.5714285714285714
6 WPW,1.0,0.6666666666666666
6 WPW,1.0,0.8
6 WPW,1.0,1.0
6 WPW,0.75,1.0
6 WPW,0.5,1.0
6 WPW,0.25,1.0
6 WPW,0.0,1.0
7 PVC,1.0,0.13
7 PVC,1.0,0.1306532663316583
7 PVC,1.0,0.13131313131313133
7 PVC,1.0,0.1319796954314721
7 PVC,1.0,0.1326530612244898
7 PVC,1.0,0.13333333333333333
7 PVC,1.0,0.13402061855670103
7 PVC,1.0,0.13471502590673576
7 PVC,1.0,0.13541666666666666
7 PVC,1.0,0.13612565445026178
7 PVC,1.0,0.1368421052631579
7 PVC,1.0,0.13756613756613756
7 PVC,1.0,0.13829787234042554
7 PVC,1.0,0.13903743315508021
7 PVC,1.0,0.13978494623655913
7 PVC,1.0,0.14054054054054055
7 PVC,1.0,0.14130434782608695
7 PVC,1.0,0.14207650273224043
7 PVC,1.0,0.14285714285714285
7 PVC,1.0,0.143646408839779
7 PVC,1.0,0.14444444444444443
7 PVC,1.0,0.1452513966480447
7 PVC,1.0,0.14606741573033707
7 PVC,1.0,0.14689265536723164
7 PVC,1.0,0.14772727272727273
7 PVC,1.0,0.14857142857142858
7 PVC,1.0,0.14942528735632185
7 PVC,1.0,0.15028901734104047
7 PVC,1.0,0.1511627906976744
7 PVC,1.0,0.15204678362573099
7 PVC,1.0,0.15294117647058825
7 PVC,1.0,0.15384615384615385
7 PVC,1.0,0.15476190476190477
7 PVC,1.0,0.15568862275449102
7 PVC,1.0,0.1566265060240964
7 PVC,1.0,0.15757575757575756
7 PVC,1.0,0.15853658536585366
7 PVC,1.0,0.15950920245398773
7 PVC,1.0,0.16049382716049382
7 PVC,1.0,0.16149068322981366
7 PVC,1.0,0.1625
7 PVC,1.0,0.16352201257861634
7 PVC,1.0,0.16455696202531644
7 PVC,1.0,0.16560509554140126
7 PVC,1.0,0.16666666666666666
7 PVC,1.0,0.16774193548387098
7 PVC,1.0,0.16883116883116883
7 PVC,1.0,0.16993464052287582
7 PVC,1.0,0.17105263157894737
7 PVC,1.0,0.17218543046357615
7 PVC,1.0,0.17333333333333334
7 PVC,1.0,0.174496644295302
7 PVC,1.0,0.17567567567567569
7 PVC,1.0,0.17687074829931973
7 PVC,1.0,0.1780821917808219
7 PVC,1.0,0.1793103448275862
7 PVC,1.0,0.18055555555555555
7 PVC,1.0,0.18181818181818182
7 PVC,1.0,0.18309859154929578
7 PVC,1.0,0.18439716312056736
7 PVC,1.0,0.18571428571428572
7 PVC,1.0,0.18705035971223022
7 PVC,1.0,0.18840579710144928
7 PVC,1.0,0.1897810218978102
7 PVC,1.0,0.19117647058823528
7 PVC,1.0,0.1925925925925926
7 PVC,1.0,0.19402985074626866
7 PVC,1.0,0.19548872180451127
7 PVC,1.0,0.19696969696969696
7 PVC,1.0,0.1984732824427481
7 PVC,1.0,0.2
7 PVC,1.0,0.20155038759689922
7 PVC,1.0,0.203125
7 PVC,1.0,0.2047244094488189
7 PVC,1.0,0.20634920634920634
7 PVC,1.0,0.208
7 PVC,1.0,0.20967741935483872
7 PVC,1.0,0.21138211382113822
7 PVC,1.0,0.21311475409836064
7 PVC,1.0,0.21487603305785125
7 PVC,1.0,0.21666666666666667
7 PVC,1.0,0.2184873949579832
7 PVC,1.0,0.22033898305084745
7 PVC,1.0,0.2222222222222222
7 PVC,1.0,0.22413793103448276
7 PVC,1.0,0.22608695652173913
7 PVC,1.0,0.22807017543859648
7 PVC,1.0,0.23008849557522124
7 PVC,1.0,0.23214285714285715
7 PVC,1.0,0.23423423423423423
7 PVC,1.0,0.23636363636363636
7 PVC,1.0,0.23853211009174313
7 PVC,1.0,0.24074074074074073
7 PVC,1.0,0.24299065420560748
7 PVC,1.0,0.24528301886792453
7 PVC,1.0,0.25
7 PVC,1.0,0.2524271844660194
7 PVC,1.0,0.2549019607843137
7 PVC,1.0,0.25742574257425743
7 PVC,1.0,0.26
7 PVC,1.0,0.26262626262626265
7 PVC,1.0,0.2653061224489796
7 PVC,1.0,0.26804123711340205
7 PVC,1.0,0.2708333333333333
7 PVC,1.0,0.2736842105263158
7 PVC,1.0,0.2765957446808511
7 PVC,1.0,0.27956989247311825
7 PVC,1.0,0.2826086956521739
7 PVC,1.0,0.2857142857142857
7 PVC,1.0,0.28888888888888886
7 PVC,1.0,0.29213483146067415
7 PVC,1.0,0.29545454545454547
7 PVC,1.0,0.2988505747126437
7 PVC,1.0,0.3023255813953488
7 PVC,1.0,0.3058823529411765
7 PVC,1.0,0.30952380952380953
7 PVC,1.0,0.3132530120481928
7 PVC,1.0,0.3170731707317073
7 PVC,1.0,0.32098765432098764
7 PVC,1.0,0.325
7 PVC,1.0,0.3291139240506329
7 PVC,1.0,0.3333333333333333
7 PVC,1.0,0.33766233766233766
7 PVC,1.0,0.34210526315789475
7 PVC,1.0,0.3466666666666667
7 PVC,1.0,0.35135135135135137
7 PVC,1.0,0.3561643835616438
7 PVC,1.0,0.3611111111111111
7 PVC,1.0,0.36619718309859156
7 PVC,1.0,0.37142857142857144
7 PVC,1.0,0.37681159420289856
7 PVC,1.0,0.3880597014925373
7 PVC,1.0,0.3939393939393939
7 PVC,1.0,0.4
7 PVC,1.0,0.40625
7 PVC,1.0,0.4126984126984127
7 PVC,1.0,0.41935483870967744
7 PVC,1.0,0.4262295081967213
7 PVC,1.0,0.43333333333333335
7 PVC,1.0,0.4406779661016949
7 PVC,1.0,0.4482758620689655
7 PVC,1.0,0.45614035087719296
7 PVC,1.0,0.4642857142857143
7 PVC,1.0,0.4727272727272727
7 PVC,1.0,0.48148148148148145
7 PVC,1.0,0.49056603773584906
7 PVC,1.0,0.5
7 PVC,1.0,0.5098039215686274
7 PVC,1.0,0.52
7 PVC,0.9615384615384616,0.5102040816326531
7 PVC,0.9615384615384616,0.5208333333333334
7 PVC,0.9615384615384616,0.5319148936170213
7 PVC,0.9615384615384616,0.5434782608695652
7 PVC,0.9230769230769231,0.5333333333333333
7 PVC,0.8846153846153846,0.5227272727272727
7 PVC,0.8846153846153846,0.5348837209302325
7 PVC,0.8461538461538461,0.5238095238095238
7 PVC,0.8461538461538461,0.5365853658536586
7 PVC,0.8461538461538461,0.55
7 PVC,0.8461538461538461,0.5641025641025641
7 PVC,0.8461538461538461,0.5789473684210527
7 PVC,0.8461538461538461,0.5945945945945946
7 PVC,0.8461538461538461,0.6111111111111112
7 PVC,0.8461538461538461,0.6285714285714286
7 PVC,0.8461538461538461,0.6470588235294118
7 PVC,0.8461538461538461,0.6666666666666666
7 PVC,0.8461538461538461,0.6875
7 PVC,0.8461538461538461,0.7096774193548387
7 PVC,0.8461538461538461,0.7333333333333333
7 PVC,0.8461538461538461,0.7586206896551724
7 PVC,0.8076923076923077,0.75
7 PVC,0.7692307692307693,0.7407407407407407
7 PVC,0.7692307692307693,0.7692307692307693
7 PVC,0.7307692307692307,0.76
7 PVC,0.7307692307692307,0.7916666666666666
7 PVC,0.7307692307692307,0.8260869565217391
7 PVC,0.7307692307692307,0.8636363636363636
7 PVC,0.6923076923076923,0.8571428571428571
7 PVC,0.6538461538461539,0.85
7 PVC,0.6153846153846154,0.8421052631578947
7 PVC,0.5769230769230769,0.8333333333333334
7 PVC,0.5769230769230769,0.8823529411764706
7 PVC,0.5384615384615384,0.875
7 PVC,0.5,0.8666666666666667
7 PVC,0.46153846153846156,0.8571428571428571
7 PVC,0.46153846153846156,0.9230769230769231
7 PVC,0.46153846153846156,1.0
7 PVC,0.4230769230769231,1.0
7 PVC,0.38461538461538464,1.0
7 PVC,0.34615384615384615,1.0
7 PVC,0.3076923076923077,1.0
7 PVC,0.2692307692307692,1.0
7 PVC,0.23076923076923078,1.0
7 PVC,0.19230769230769232,1.0
7 PVC,0.15384615384615385,1.0
7 PVC,0.11538461538461539,1.0
7 PVC,0.07692307692307693,1.0
7 PVC,0.038461538461538464,1.0
7 PVC,0.0,1.0
8 Bigeminy,1.0,0.055
8 Bigeminy,1.0,0.05527638190954774
8 Bigeminy,1.0,0.05555555555555555
8 Bigeminy,1.0,0.05583756345177665
8 Bigeminy,1.0,0.05612244897959184
8 Bigeminy,1.0,0.05641025641025641
8 Bigeminy,1.0,0.05670103092783505
8 Bigeminy,1.0,0.05699481865284974
8 Bigeminy,1.0,0.057291666666666664
8 Bigeminy,1.0,0.05759162303664921
8 Bigeminy,1.0,0.05789473684210526
8 Bigeminy,1.0,0.0582010582010582
8 Bigeminy,1.0,0.05851063829787234
8 Bigeminy,1.0,0.058823529411764705
8 Bigeminy,1.0,0.05913978494623656
8 Bigeminy,1.0,0.05945945945945946
8 Bigeminy,1.0,0.059782608695652176
8 Bigeminy,1.0,0.060109289617486336
8 Bigeminy,1.0,0.06043956043956044
8 Bigeminy,1.0,0.06077348066298342
8 Bigeminy,1.0,0.06111111111111111
8 Bigeminy,1.0,0.061452513966480445
8 Bigeminy,1.0,0.06179775280898876
8 Bigeminy,1.0,0.062146892655367235
8 Bigeminy,1.0,0.0625
8 Bigeminy,1.0,0.06285714285714286
8 Bigeminy,1.0,0.06321839080459771
8 Bigeminy,1.0,0.06358381502890173
8 Bigeminy,1.0,0.06395348837209303
8 Bigeminy,1.0,0.06432748538011696
8 Bigeminy,1.0,0.06470588235294118
8 Bigeminy,1.0,0.0650887573964497
8 Bigeminy,1.0,0.06547619047619048
8 Bigeminy,1.0,0.0658682634730539
8 Bigeminy,1.0,0.06626506024096386
8 Bigeminy,1.0,0.06666666666666667
8 Bigeminy,1.0,0.06707317073170732
8 Bigeminy,1.0,0.06748466257668712
8 Bigeminy,1.0,0.06790123456790123
8 Bigeminy,1.0,0.06832298136645963
8 Bigeminy,1.0,0.06875
8 Bigeminy,1.0,0.06918238993710692
8 Bigeminy,1.0,0.06962025316455696
8 Bigeminy,1.0,0.07006369426751592
8 Bigeminy,1.0,0.07051282051282051
8 Bigeminy,1.0,0.07096774193548387
8 Bigeminy,1.0,0.07142857142857142
8 Bigeminy,1.0,0.0718954248366013
8 Bigeminy,1.0,0.07236842105263158
8 Bigeminy,1.0,0.0728476821192053
8 Bigeminy,1.0,0.07333333333333333
8 Bigeminy,1.0,0.0738255033557047
8 Bigeminy,1.0,0.07432432432432433
8 Bigeminy,1.0,0.07482993197278912
8 Bigeminy,1.0,0.07534246575342465
8 Bigeminy,1.0,0.07586206896551724
8 Bigeminy,1.0,0.0763888888888889
8 Bigeminy,1.0,0.07692307692307693
8 Bigeminy,1.0,0.07746478873239436
8 Bigeminy,1.0,0.07801418439716312
8 Bigeminy,1.0,0.07857142857142857
8 Bigeminy,1.0,0.07913669064748201
8 Bigeminy,1.0,0.07971014492753623
8 Bigeminy,1.0,0.08029197080291971
8 Bigeminy,1.0,0.08088235294117647
8 Bigeminy,1.0,0.08148148148148149
8 Bigeminy,1.0,0.08208955223880597
8 Bigeminy,1.0,0.08270676691729323
8 Bigeminy,1.0,0.08333333333333333
8 Bigeminy,1.0,0.08396946564885496
8 Bigeminy,1.0,0.08461538461538462
8 Bigeminy,1.0,0.08527131782945736
8 Bigeminy,1.0,0.0859375
8 Bigeminy,1.0,0.08661417322834646
8 Bigeminy,1.0,0.0873015873015873
8 Bigeminy,1.0,0.088
8 Bigeminy,1.0,0.08870967741935484
8 Bigeminy,1.0,0.08943089430894309
8 Bigeminy,1.0,0.09016393442622951
8 Bigeminy,1.0,0.09090909090909091
8 Bigeminy,1.0,0.09166666666666666
8 Bigeminy,1.0,0.09243697478991597
8 Bigeminy,1.0,0.09322033898305085
8 Bigeminy,1.0,0.09401709401709402
8 Bigeminy,1.0,0.09482758620689655
8 Bigeminy,1.0,0.09565217391304348
8 Bigeminy,1.0,0.09649122807017543
8 Bigeminy,1.0,0.09734513274336283
8 Bigeminy,1.0,0.09821428571428571
8 Bigeminy,1.0,0.0990990990990991
8 Bigeminy,1.0,0.1
8 Bigeminy,1.0,0.10185185185185185
8 Bigeminy,1.0,0.102803738317757
8 Bigeminy,1.0,0.10377358490566038
8 Bigeminy,1.0,0.10476190476190476
8 Bigeminy,1.0,0.10576923076923077
8 Bigeminy,1.0,0.10679611650485436
8 Bigeminy,1.0,0.10784313725490197
8 Bigeminy,1.0,0.10891089108910891
8 Bigeminy,1.0,0.11
8 Bigeminy,1.0,0.1111111111111111
8 Bigeminy,1.0,0.11224489795918367
8 Bigeminy,1.0,0.1134020618556701
8 Bigeminy,1.0,0.11458333333333333
8 Bigeminy,1.0,0.11578947368421053
8 Bigeminy,1.0,0.11702127659574468
8 Bigeminy,1.0,0.11827956989247312
8 Bigeminy,1.0,0.11956521739130435
8 Bigeminy,1.0,0.12087912087912088
8 Bigeminy,1.0,0.12222222222222222
8 Bigeminy,1.0,0.12359550561797752
8 Bigeminy,1.0,0.125
8 Bigeminy,1.0,0.12643678160919541
8 Bigeminy,1.0,0.12790697674418605
8 Bigeminy,1.0,0.12941176470588237
8 Bigeminy,1.0,0.13095238095238096
8 Bigeminy,1.0,0.13253012048192772
8 Bigeminy,1.0,0.13414634146341464
8 Bigeminy,1.0,0.13580246913580246
8 Bigeminy,1.0,0.1375
8 Bigeminy,1.0,0.13924050632911392
8 Bigeminy,1.0,0.14102564102564102
8 Bigeminy,1.0,0.14285714285714285
8 Bigeminy,1.0,0.14473684210526316
8 Bigeminy,1.0,0.14666666666666667
8 Bigeminy,1.0,0.14864864864864866
8 Bigeminy,1.0,0.1506849315068493
8 Bigeminy,1.0,0.1527777777777778
8 Bigeminy,1.0,0.15492957746478872
8 Bigeminy,1.0,0.15714285714285714
8 Bigeminy,1.0,0.15942028985507245
8 Bigeminy,1.0,0.16176470588235295
8 Bigeminy,1.0,0.16417910447761194
8 Bigeminy,1.0,0.16666666666666666
8 Bigeminy,1.0,0.16923076923076924
8 Bigeminy,1.0,0.171875
8 Bigeminy,1.0,0.1746031746031746
8 Bigeminy,1.0,0.1774193548387097
8 Bigeminy,1.0,0.18032786885245902
8 Bigeminy,1.0,0.18333333333333332
8 Bigeminy,1.0,0.1864406779661017
8 Bigeminy,1.0,0.1896551724137931
8 Bigeminy,1.0,0.19298245614035087
8 Bigeminy,1.0,0.19642857142857142
8 Bigeminy,1.0,0.2
8 Bigeminy,1.0,0.2037037037037037
8 Bigeminy,1.0,0.20754716981132076
8 Bigeminy,1.0,0.21153846153846154
8 Bigeminy,1.0,0.21568627450980393
8 Bigeminy,1.0,0.22
8 Bigeminy,1.0,0.22916666666666666
8 Bigeminy,1.0,0.23404255319148937
8 Bigeminy,1.0,0.2391304347826087
8 Bigeminy,1.0,0.24444444444444444
8 Bigeminy,1.0,0.25
8 Bigeminy,1.0,0.2558139534883721
8 Bigeminy,1.0,0.2619047619047619
8 Bigeminy,1.0,0.2682926829268293
8 Bigeminy,1.0,0.275
8 Bigeminy,1.0,0.28205128205128205
8 Bigeminy,1.0,0.2894736842105263
8 Bigeminy,1.0,0.2972972972972973
8 Bigeminy,1.0,0.3055555555555556
8 Bigeminy,1.0,0.3142857142857143
8 Bigeminy,1.0,0.3235294117647059
8 Bigeminy,1.0,0.3333333333333333
8 Bigeminy,1.0,0.34375
8 Bigeminy,1.0,0.3548387096774194
8 Bigeminy,1.0,0.36666666666666664
8 Bigeminy,1.0,0.3793103448275862
8 Bigeminy,1.0,0.39285714285714285
8 Bigeminy,1.0,0.4074074074074074
8 Bigeminy,1.0,0.4230769230769231
8 Bigeminy,1.0,0.44
8 Bigeminy,1.0,0.4583333333333333
8 Bigeminy,0.9090909090909091,0.43478260869565216
8 Bigeminy,0.9090909090909091,0.45454545454545453
8 Bigeminy,0.9090909090909091,0.47619047619047616
8 Bigeminy,0.9090909090909091,0.5
8 Bigeminy,0.9090909090909091,0.5263157894736842
8 Bigeminy,0.9090909090909091,0.5555555555555556
8 Bigeminy,0.9090909090909091,0.5882352941176471
8 Bigeminy,0.9090909090909091,0.625
8 Bigeminy,0.9090909090909091,0.6666666666666666
8 Bigeminy,0.9090909090909091,0.7142857142857143
8 Bigeminy,0.9090909090909091,0.7692307692307693
8 Bigeminy,0.9090909090909091,0.8333333333333334
8 Bigeminy,0.9090909090909091,0.9090909090909091
8 Bigeminy,0.9090909090909091,1.0
8 Bigeminy,0.8181818181818182,1.0
8 Bigeminy,0.7272727272727273,1.0
8 Bigeminy,0.6363636363636364,1.0
8 Bigeminy,0.5454545454545454,1.0
8 Bigeminy,0.45454545454545453,1.0
8 Bigeminy,0.36363636363636365,1.0
8 Bigeminy,0.2727272727272727,1.0
8 Bigeminy,0.18181818181818182,1.0
8 Bigeminy,0.09090909090909091,1.0
8 Bigeminy,0.0,1.0
9 Trigeminy,1.0,0.015
9 Trigeminy,1.0,0.01507537688442211
9 Trigeminy,1.0,0.015151515151515152
9 Trigeminy,1.0,0.015228426395939087
9 Trigeminy,1.0,0.015306122448979591
9 Trigeminy,1.0,0.015463917525773196
9 Trigeminy,1.0,0.015544041450777202
9 Trigeminy,1.0,0.015625
9 Trigeminy,1.0,0.015706806282722512
9 Trigeminy,1.0,0.015789473684210527
9 Trigeminy,1.0,0.015873015873015872
9 Trigeminy,1.0,0.015957446808510637
9 Trigeminy,1.0,0.016042780748663103
9 Trigeminy,1.0,0.016129032258064516
9 Trigeminy,1.0,0.016216216216216217
9 Trigeminy,1.0,0.016304347826086956
9 Trigeminy,1.0,0.01639344262295082
9 Trigeminy,1.0,0.016483516483516484
9 Trigeminy,1.0,0.016574585635359115
9 Trigeminy,1.0,0.016666666666666666
9 Trigeminy,1.0,0.01675977653631285
9 Trigeminy,1.0,0.016853932584269662
9 Trigeminy,1.0,0.01694915254237288
9 Trigeminy,1.0,0.017045454545454544
9 Trigeminy,1.0,0.017142857142857144
9 Trigeminy,1.0,0.017241379310344827
9 Trigeminy,1.0,0.017341040462427744
9 Trigeminy,1.0,0.01744186046511628
9 Trigeminy,1.0,0.017543859649122806
9 Trigeminy,1.0,0.01764705882352941
9 Trigeminy,1.0,0.01775147928994083
9 Trigeminy,1.0,0.017857142857142856
9 Trigeminy,1.0,0.017964071856287425
9 Trigeminy,1.0,0.018072289156626505
9 Trigeminy,1.0,0.01818181818181818
9 Trigeminy,1.0,0.018292682926829267
9 Trigeminy,1.0,0.018404907975460124
9 Trigeminy,1.0,0.018518518518518517
9 Trigeminy,1.0,0.018633540372670808
9 Trigeminy,1.0,0.01875
9 Trigeminy,1.0,0.018867924528301886
9 Trigeminy,1.0,0.0189873417721519
9 Trigeminy,1.0,0.01910828025477707
9 Trigeminy,1.0,0.019230769230769232
9 Trigeminy,1.0,0.01935483870967742
9 Trigeminy,1.0,0.01948051948051948
9 Trigeminy,1.0,0.0196078431372549
9 Trigeminy,1.0,0.019736842105263157
9 Trigeminy,1.0,0.019867549668874173
9 Trigeminy,1.0,0.02
9 Trigeminy,1.0,0.020134228187919462
9 Trigeminy,1.0,0.02027027027027027
9 Trigeminy,1.0,0.02040816326530612
9 Trigeminy,1.0,0.02054794520547945
9 Trigeminy,1.0,0.020689655172413793
9 Trigeminy,1.0,0.020833333333333332
9 Trigeminy,1.0,0.02097902097902098
9 Trigeminy,1.0,0.02112676056338028
9 Trigeminy,1.0,0.02127659574468085
9 Trigeminy,1.0,0.02142857142857143
9 Trigeminy,1.0,0.02158273381294964
9 Trigeminy,1.0,0.021739130434782608
9 Trigeminy,1.0,0.021897810218978103
9 Trigeminy,1.0,0.022058823529411766
9 Trigeminy,1.0,0.022222222222222223
9 Trigeminy,1.0,0.022388059701492536
9 Trigeminy,1.0,0.022556390977443608
9 Trigeminy,1.0,0.022727272727272728
9 Trigeminy,1.0,0.022900763358778626
9 Trigeminy,1.0,0.023076923076923078
9 Trigeminy,1.0,0.023255813953488372
9 Trigeminy,1.0,0.0234375
9 Trigeminy,1.0,0.023622047244094488
9 Trigeminy,1.0,0.023809523809523808
9 Trigeminy,1.0,0.024
9 Trigeminy,1.0,0.024193548387096774
9 Trigeminy,1.0,0.024390243902439025
9 Trigeminy,1.0,0.02459016393442623
9 Trigeminy,1.0,0.024793388429752067
9 Trigeminy,1.0,0.025
9 Trigeminy,1.0,0.025210084033613446
9 Trigeminy,1.0,0.025423728813559324
9 Trigeminy,1.0,0.02564102564102564
9 Trigeminy,1.0,0.02586206896551724
9 Trigeminy,1.0,0.02608695652173913
9 Trigeminy,1.0,0.02631578947368421
9 Trigeminy,1.0,0.02654867256637168
9 Trigeminy,1.0,0.026785714285714284
9 Trigeminy,1.0,0.02702702702702703
9 Trigeminy,1.0,0.02727272727272727
9 Trigeminy,1.0,0.027522935779816515
9 Trigeminy,1.0,0.027777777777777776
9 Trigeminy,1.0,0.028037383177570093
9 Trigeminy,1.0,0.02830188679245283
9 Trigeminy,1.0,0.02857142857142857
9 Trigeminy,1.0,0.028846153846153848
9 Trigeminy,1.0,0.02912621359223301
9 Trigeminy,1.0,0.029411764705882353
9 Trigeminy,1.0,0.0297029702970297
9 Trigeminy,1.0,0.03
9 Trigeminy,1.0,0.030303030303030304
9 Trigeminy,1.0,0.030612244897959183
9 Trigeminy,1.0,0.030927835051546393
9 Trigeminy,1.0,0.03125
9 Trigeminy,1.0,0.031578947368421054
9 Trigeminy,1.0,0.031914893617021274
9 Trigeminy,1.0,0.03225806451612903
9 Trigeminy,1.0,0.03260869565217391
9 Trigeminy,1.0,0.03296703296703297
9 Trigeminy,1.0,0.03333333333333333
9 Trigeminy,1.0,0.033707865168539325
9 Trigeminy,1.0,0.03409090909090909
9 Trigeminy,1.0,0.034482758620689655
9 Trigeminy,1.0,0.03488372093023256
9 Trigeminy,1.0,0.03571428571428571
9 Trigeminy,1.0,0.03614457831325301
9 Trigeminy,1.0,0.036585365853658534
9 Trigeminy,1.0,0.037037037037037035
9 Trigeminy,1.0,0.0375
9 Trigeminy,1.0,0.0379746835443038
9 Trigeminy,1.0,0.038461538461538464
9 Trigeminy,1.0,0.03896103896103896
9 Trigeminy,1.0,0.039473684210526314
9 Trigeminy,1.0,0.04
9 Trigeminy,1.0,0.04054054054054054
9 Trigeminy,1.0,0.0410958904109589
9 Trigeminy,1.0,0.041666666666666664
9 Trigeminy,1.0,0.04225352112676056
9 Trigeminy,1.0,0.04285714285714286
9 Trigeminy,1.0,0.043478260869565216
9 Trigeminy,1.0,0.04411764705882353
9 Trigeminy,1.0,0.04477611940298507
9 Trigeminy,1.0,0.045454545454545456
9 Trigeminy,1.0,0.046153846153846156
9 Trigeminy,1.0,0.046875
9 Trigeminy,1.0,0.047619047619047616
9 Trigeminy,1.0,0.04838709677419355
9 Trigeminy,1.0,0.04918032786885246
9 Trigeminy,1.0,0.05
9 Trigeminy,1.0,0.05084745762711865
9 Trigeminy,1.0,0.05172413793103448
9 Trigeminy,1.0,0.05263157894736842
9 Trigeminy,1.0,0.05357142857142857
9 Trigeminy,1.0,0.05454545454545454
9 Trigeminy,1.0,0.05555555555555555
9 Trigeminy,1.0,0.05660377358490566
9 Trigeminy,1.0,0.057692307692307696
9 Trigeminy,1.0,0.058823529411764705
9 Trigeminy,1.0,0.06
9 Trigeminy,1.0,0.061224489795918366
9 Trigeminy,1.0,0.0625
9 Trigeminy,1.0,0.06382978723404255
9 Trigeminy,1.0,0.06521739130434782
9 Trigeminy,1.0,0.06666666666666667
9 Trigeminy,1.0,0.06818181818181818
9 Trigeminy,1.0,0.06976744186046512
9 Trigeminy,1.0,0.07142857142857142
9 Trigeminy,1.0,0.07317073170731707
9 Trigeminy,1.0,0.075
9 Trigeminy,1.0,0.07692307692307693
9 Trigeminy,1.0,0.07894736842105263
9 Trigeminy,1.0,0.08108108108108109
9 Trigeminy,1.0,0.08333333333333333
9 Trigeminy,1.0,0.08571428571428572
9 Trigeminy,1.0,0.08823529411764706
9 Trigeminy,1.0,0.09090909090909091
9 Trigeminy,1.0,0.09375
9 Trigeminy,1.0,0.0967741935483871
9 Trigeminy,1.0,0.1
9 Trigeminy,1.0,0.10344827586206896
9 Trigeminy,1.0,0.10714285714285714
9 Trigeminy,1.0,0.1111111111111111
9 Trigeminy,1.0,0.11538461538461539
9 Trigeminy,1.0,0.12
9 Trigeminy,1.0,0.125
9 Trigeminy,1.0,0.13043478260869565
9 Trigeminy,1.0,0.13636363636363635
9 Trigeminy,1.0,0.14285714285714285
9 Trigeminy,1.0,0.15
9 Trigeminy,1.0,0.15789473684210525
9 Trigeminy,1.0,0.16666666666666666
9 Trigeminy,1.0,0.17647058823529413
9 Trigeminy,1.0,0.1875
9 Trigeminy,1.0,0.2
9 Trigeminy,1.0,0.21428571428571427
9 Trigeminy,1.0,0.23076923076923078
9 Trigeminy,1.0,0.25
9 Trigeminy,1.0,0.2727272727272727
9 Trigeminy,1.0,0.3
9 Trigeminy,1.0,0.3333333333333333
9 Trigeminy,1.0,0.375
9 Trigeminy,1.0,0.42857142857142855
9 Trigeminy,1.0,0.5
9 Trigeminy,1.0,0.6
9 Trigeminy,1.0,0.75
9 Trigeminy,1.0,1.0
9 Trigeminy,0.6666666666666666,1.0
9 Trigeminy,0.3333333333333333,1.0
9 Trigeminy,0.0,1.0
