source_index,file,class,split,recording_id_proxy,file_sha256
0,MLII/1 NSR/100m (0).mat,1 NSR,training,100,9dc5a845a8efc6a1be6610ede759569db4aa9f523d63fc57be0490abae4cfb77
1,MLII/1 NSR/100m (1).mat,1 NSR,training,100,5cfb34722554b95284ea432a4c2c228c2c75f762baf07f5834da003f31477dbf
2,MLII/1 NSR/100m (2).mat,1 NSR,training,100,75fe982880ba4d4aa9af22eba7d6592f4f4b97d33ff82ebb7e3b98a7cc34e322
3,MLII/1 NSR/100m (3).mat,1 NSR,training,100,04de657824ad0d8c4b26b30a2f1c4cf673794099a5a36ae2b6e5baab6f78d4b9
4,MLII/1 NSR/100m (4).mat,1 NSR,training,100,bfa5f89aa113cba443c4c09d4191aebd84f3dd8df09ba78fbc66ba873ae743af
5,MLII/1 NSR/100m (5).mat,1 NSR,training,100,59697b8b0e673e18a9c8ca49afee5216452c9b9eef06d88d77747838e6983e61
6,MLII/1 NSR/100m (6).mat,1 NSR,training,100,f39faef155e75fe9cb3423db810238de6d21feaa188d59489921a74185edc684
7,MLII/1 NSR/100m (7).mat,1 NSR,validation,100,d4b03ec5ed4a66496c7b4034864dc0dfc1f28d050736b5f06b14fa60005cb143
8,MLII/1 NSR/100m (8).mat,1 NSR,validation,100,4525ba5f6b08e9181a3e75f31c5bd85e4892769db38dbd02fa532e012151fd01
9,MLII/1 NSR/100m (9).mat,1 NSR,training,100,dffe98ff8d63ddadf3a09a69b24e85571d4ea25f7f2572c3913889b4e4f03150
10,MLII/1 NSR/101m (0).mat,1 NSR,training,101,da1a0edb8177feeda0906694237e3a296de61a58b2ef09b00e1865e096f9e0d1
11,MLII/1 NSR/101m (1).mat,1 NSR,training,101,42437eb94da4b4436acd5345e299552e1bde6d16847097544dfff279844be316
12,MLII/1 NSR/101m (10).mat,1 NSR,training,101,4391fa12257a977f0f6df39cb7197c0a9f0c7994840d285503910b79cecf2bca
13,MLII/1 NSR/101m (2).mat,1 NSR,validation,101,204da9af7c67bc60a5aadf6c0750648f1d7511a894148a4aa2760a1c1e0c9c57
14,MLII/1 NSR/101m (3).mat,1 NSR,training,101,627efbc5d2cf2a515ef3301fc6080fc72f1ac9478cfffee97555788c8313718f
15,MLII/1 NSR/101m (4).mat,1 NSR,training,101,7fe4a0672059d5a8d5d83d471ea926e3bd56e0f3eef4f14b5cbb82aaee29a857
16,MLII/1 NSR/101m (5).mat,1 NSR,training,101,75767e6bb52b06bad277f6bdd9a98be1ff3d28869cafc1d7585e34fd45aa6dbc
17,MLII/1 NSR/101m (6).mat,1 NSR,validation,101,6765a900b0af42028205b38a4c5e7c5eeb2c018597a8c0b48e5693861a2cfe53
18,MLII/1 NSR/101m (7).mat,1 NSR,training,101,b97d358afffe8ec55f0c5950f5de78f6ac0694799fa3080a9902778c6dc0eaec
19,MLII/1 NSR/101m (8).mat,1 NSR,training,101,d0ea402dd5720482f3badd57d827adfc6e5e4e9a1a0138862c1b158401ecd475
20,MLII/1 NSR/101m (9).mat,1 NSR,validation,101,84de5dc27d1d1cd0239f6d1ff9ca4fcc923b38e7e3c90d46e41b9e23f78cffcf
21,MLII/1 NSR/103m (0).mat,1 NSR,validation,103,4e871ee725042b5c1dbde13e0b9a635d7f9f12524938d4c1a6af04adcb43c62e
22,MLII/1 NSR/103m (1).mat,1 NSR,training,103,5e01741051165e64fac3e225505f019ffb97046605699389b4080a2c3c3b2def
23,MLII/1 NSR/103m (2).mat,1 NSR,training,103,df761dec0e5fd2546526e2cca6de41eae57e5fa8719db5f4799c51c75030e029
24,MLII/1 NSR/103m (3).mat,1 NSR,training,103,72c4dba91d1d4db2a1b847abf006fa2407b2b1563735a8a612420c61bb8cccf8
25,MLII/1 NSR/103m (4).mat,1 NSR,training,103,1372068be9bb098f701dc7897b3f9514b50d36a6ec4fd1000af882195b5b5a22
26,MLII/1 NSR/103m (5).mat,1 NSR,training,103,dde5acb64e4f5de8bb2f767cb776d4fb18e9826af4290c81aa51b027bca545a2
27,MLII/1 NSR/103m (6).mat,1 NSR,training,103,6a8ceac78955bccae6bf17215a3dd9f1209ba685f8dc5d0b7fd809d899afafef
28,MLII/1 NSR/103m (7).mat,1 NSR,training,103,231306773e7f30657e6f7c6c920d8375a7c414b79b6e816949b5b449c4123ace
29,MLII/1 NSR/103m (8).mat,1 NSR,training,103,b7c5feefbd07d6905769acd82ccb76ba379d41d2ec78d47e0f218410c486b320
30,MLII/1 NSR/103m (9).mat,1 NSR,training,103,5b6c3f03056ed467ca5022aa3c8b3866bdb69f7ce3df8e08c96dfaf32b02518c
31,MLII/1 NSR/105m (0).mat,1 NSR,training,105,423a572fe6ee77ed192f230b1ff87379a310a2ee10a035a4e0817cf8be38bf92
32,MLII/1 NSR/105m (1).mat,1 NSR,training,105,8fbfb5314e6ae05ba0d40e24b3f50c4c4cd3f87c8c246a385489523ec04613ac
33,MLII/1 NSR/105m (10).mat,1 NSR,training,105,1792957e3b0a89ec177826bdbce704178551b134a6522601972585fde713b001
34,MLII/1 NSR/105m (11).mat,1 NSR,validation,105,6fc8ba6bb715f70e9b941b63d02748473330c9d036455d1e2805ee2a6b5b2c67
35,MLII/1 NSR/105m (12).mat,1 NSR,training,105,fc6cda51683533cefa8a45d381239b25d26d2ec7cfc16a36b6a0fa4eb793add4
36,MLII/1 NSR/105m (13).mat,1 NSR,training,105,faccfc0bcc8468b34d96578a2015ccb7f8ee45bd6dffd6b2974390992617c2e5
37,MLII/1 NSR/105m (2).mat,1 NSR,training,105,10e8c711b236582ffa2db76a6740138bb3c74df4b5652e3cb60df960db9236e8
38,MLII/1 NSR/105m (3).mat,1 NSR,training,105,9cebf994d7adff733c830d33f539fe9134261916dd3f0546c349b6c0d2b61fbb
39,MLII/1 NSR/105m (4).mat,1 NSR,training,105,9102886bbc6efb996b6a4c0c0888c78a989cd0cfa12dbb9f85d68df0dbb359a0
40,MLII/1 NSR/105m (5).mat,1 NSR,training,105,a4d1df50f364a59866f5d47f7627c5c7071837dd37e9193331a942de7027d50a
41,MLII/1 NSR/105m (6).mat,1 NSR,training,105,584e16b349c4d8d4c03fab9b4b88c5e39f2762e8bdb83e737b220d58bbde44f0
42,MLII/1 NSR/105m (7).mat,1 NSR,training,105,0b2912da089e4fa2d6d693f9af942a5aa316f8a97442bc3b5a8b2fc1e2dfb82b
43,MLII/1 NSR/105m (8).mat,1 NSR,training,105,340d81c7c685795c902e5f69dbb19713cdc4466a417571b698e2a9b1d1bf63b3
44,MLII/1 NSR/105m (9).mat,1 NSR,training,105,9b1cf773aae5dfc10a02f9a9929466c825c6a13d6a8c9050e8db7c794521cf9c
45,MLII/1 NSR/106m (0).mat,1 NSR,training,106,aeccdcec5b8a0e8188c7e9501ca7a2e39b289297514113f18235cbd53c8d9794
46,MLII/1 NSR/106m (1).mat,1 NSR,training,106,798b3d432038fd9f4e4df207ef8f467951da90b60f94b819890227d191f9e525
47,MLII/1 NSR/106m (10).mat,1 NSR,training,106,b38c14de40c4902486296d4289a46c1763ac22ad52e1ede676b5fd2b6356adaa
48,MLII/1 NSR/106m (11).mat,1 NSR,validation,106,e4724132db7881e6c71470e37f0beca8182cbba4f66ce95aa20deadb7b747856
49,MLII/1 NSR/106m (12).mat,1 NSR,training,106,082842ae67a5f8631566e4e1603bf3be88cb39d60037db9a1a970f37e26dd0bd
50,MLII/1 NSR/106m (13).mat,1 NSR,validation,106,d9f4951497628df97f3d1bf0c13c2206e4e37b88085b9f412b28eaa6c2f1393b
51,MLII/1 NSR/106m (14).mat,1 NSR,training,106,0eb18c2e2857e393b6513e1c4b9cd3383761a7a51c96e6baff200f80d641ee32
52,MLII/1 NSR/106m (15).mat,1 NSR,validation,106,32ef5285c74993347f11e7e5fa8e2805ae4bc179215ba8e2d7baf229b3fdf586
53,MLII/1 NSR/106m (16).mat,1 NSR,training,106,8b5977d6aa546ac08ef806c856740ab302d49fc9ce01abda17b1796683199d73
54,MLII/1 NSR/106m (17).mat,1 NSR,validation,106,a8d4a1f2d8c77f4bac43f13fa73476deec0783704d53edf92df99ebc805f6fc4
55,MLII/1 NSR/106m (18).mat,1 NSR,training,106,7e085dfa4418c2b36753b13f7afbc72d9b060784521376e4ba45cd2fbbce8767
56,MLII/1 NSR/106m (2).mat,1 NSR,training,106,8f686991d1cb9fc0a073c811b6b1bcd0fb1608ef8e70b025c6963db4b0606d51
57,MLII/1 NSR/106m (3).mat,1 NSR,training,106,88f32862d9ce1e50e0d950dc26a9e8cbb332d041ae8ecbb398ac68c9da799231
58,MLII/1 NSR/106m (4).mat,1 NSR,validation,106,23bfe893ac9c55b168781a140c27047f4ae703ec26254eef51c28f0d6ef9196c
59,MLII/1 NSR/106m (5).mat,1 NSR,validation,106,53fa8d9bef48e19ac078228c633a6503d44b7f748244dc92927d4ec5a2474180
60,MLII/1 NSR/106m (6).mat,1 NSR,training,106,a01fd01eb19429a5ffaf9e86b61333dea78452bfcf58ec1c4c5ba1fd6a359ad4
61,MLII/1 NSR/106m (7).mat,1 NSR,training,106,b1c1ff0367c7d01276023fc5cbf097f4a001258504bf0eb2a1d0aa2037a7ae06
62,MLII/1 NSR/106m (8).mat,1 NSR,training,106,8a180aa0d29f2a1849a3aac84dd1822fbd0853ddf326bc504d58519c6366d43b
63,MLII/1 NSR/106m (9).mat,1 NSR,validation,106,3f3f5bf401f8e2c15cbecffb7ebc125bf77acff0edd51b8528e3388cb8e828d5
64,MLII/1 NSR/108m (0).mat,1 NSR,training,108,e166b0fe4798af0bb61b31f9a5243ddae2f14dd9a48c7ef8f66bfc7a276cb6c4
65,MLII/1 NSR/108m (1).mat,1 NSR,training,108,c95412a2ee74f0ae9321992d1de2bf1780c7769b848cfe92cd6ca2604c5787eb
66,MLII/1 NSR/108m (10).mat,1 NSR,training,108,f953c3946adbf98669587bf8c548013c1657331d9e8bbb264245ee2162939603
67,MLII/1 NSR/108m (11).mat,1 NSR,training,108,42d979483880f8dc94551d6e3f41126f349b6ce9b45bffe58e61a431a0eea279
68,MLII/1 NSR/108m (12).mat,1 NSR,training,108,ca4477978c03c7d6f8da2ba9226067965bb91b62c03a7331d8672be9636b0fd2
69,MLII/1 NSR/108m (13).mat,1 NSR,training,108,ca19af940fb80cb7cffcd85193157252262e97eec194add2370e0c94f5da278a
70,MLII/1 NSR/108m (14).mat,1 NSR,training,108,be65e57d3c2d60c45711335f79c1b656393e899b733eb54fb9dcc6d6aacb54d5
71,MLII/1 NSR/108m (15).mat,1 NSR,validation,108,d9a64898c842d7451e67a614b8f0840b667da21c04a04b0016754c04049a2366
72,MLII/1 NSR/108m (16).mat,1 NSR,validation,108,6029678fe5a79d7f58c062a82376ce07807b66a1495dc8236e9d4a12c02388bf
73,MLII/1 NSR/108m (17).mat,1 NSR,training,108,784b01f8b7df2f5a281b65700f55cb2553c943ac76e9329be6b30ce7785ed24d
74,MLII/1 NSR/108m (18).mat,1 NSR,training,108,a1378bc59489c5a53c6bf98963a41bbe59185ab64ef114480e462cc84c8ad5b6
75,MLII/1 NSR/108m (19).mat,1 NSR,training,108,1e284c5bf42a242c4c8fa8bfe27d6cdb043edea86e6c969e2dd22c4300052868
76,MLII/1 NSR/108m (2).mat,1 NSR,training,108,e5dc570531c0e93640a4f56583b4ad1bdd590fd811b98bc08d7797548554cd7f
77,MLII/1 NSR/108m (20).mat,1 NSR,training,108,9f1ae44783a58359d9d77973bbd8238208cdd09c9192fb71a54c2f2d3035a196
78,MLII/1 NSR/108m (3).mat,1 NSR,training,108,38bffc67510453c69ab4149ee1db1e2bae785be4e09348284c2a4c8e35de2f7c
79,MLII/1 NSR/108m (4).mat,1 NSR,training,108,5fa8d1e757cd0fa97d32b1254e387adf19148cdeb2fff41609e061ea31499b81
80,MLII/1 NSR/108m (5).mat,1 NSR,training,108,4c7d4d66647ae53110ed1d943d911ea0652bb6e544a58e948d09a5fe5bb90494
81,MLII/1 NSR/108m (6).mat,1 NSR,training,108,5dbd5936e3f59aecc928e4c66a5c2f66393f031df56a445f02e6a298af3a64bf
82,MLII/1 NSR/108m (7).mat,1 NSR,training,108,dd3fc8735ab1e810558388451980d07395f50b5d9e518a8fbccdf6960ca5dd8c
83,MLII/1 NSR/108m (8).mat,1 NSR,validation,108,e0dd65155969b8d414fec8c52852059bfb8243a9b10388baebb388a1912bab95
84,MLII/1 NSR/108m (9).mat,1 NSR,training,108,0ab4007422f8d4e7a0435cc33841eda27ad7585cde5021190f072914287465a2
85,MLII/1 NSR/112m (0).mat,1 NSR,training,112,b7b27ebbc0137625d9e5b9e3e1cc3fb01a461fec9d49546fd41a543f9ffac1b0
86,MLII/1 NSR/112m (1).mat,1 NSR,training,112,a4bd36d2722d082b00c15c72b4292fc62fa9528107a8f5dc906fb594f98f0c3e
87,MLII/1 NSR/112m (10).mat,1 NSR,validation,112,9949a70c317e3f4ed8be172aa4c6d00ae1012f6f1f8f98e986d3ea0898361549
88,MLII/1 NSR/112m (11).mat,1 NSR,validation,112,09c97e825db5da70b3e23b79ae09831ebeef4310f02eb36f4ed09cad18eaf579
89,MLII/1 NSR/112m (12).mat,1 NSR,validation,112,ab27db9fa14ec0678a1bbb448a4af3818972543ac32f73fbdee895f09f3d86f4
90,MLII/1 NSR/112m (13).mat,1 NSR,training,112,1c3255ca290314d56b4ad27f1044dff668f65674a8f213137d15e918fb097a18
91,MLII/1 NSR/112m (14).mat,1 NSR,validation,112,c4a69053c52ed799a668d82baa726ac563ca29380b141fb0ce84f167339c9dd1
92,MLII/1 NSR/112m (15).mat,1 NSR,training,112,71db0c15740ee047c0d3da5fefd6694324f368fc7b4cdf2778dd177323610594
93,MLII/1 NSR/112m (16).mat,1 NSR,training,112,00a47f3e23f5c37a37b54ec14bc9b9f6b9d33006b1fec4a85e5fd6123af90d87
94,MLII/1 NSR/112m (17).mat,1 NSR,training,112,0033e2566b2db54fab332d3d99f31efcd570214ccfadd770aec7eabaf010a59e
95,MLII/1 NSR/112m (2).mat,1 NSR,training,112,8d0746d62314046835bbc3d500f5069cbc4602ce9e1e8af3a935049314cfcdbc
96,MLII/1 NSR/112m (3).mat,1 NSR,training,112,db9b5a5b82f1d8c7b5ba9b3f615e5e1e0fa69fc99b138f2d899374b0d6d7d91c
97,MLII/1 NSR/112m (4).mat,1 NSR,training,112,477f5850fe6cf318e6da686bfab8afa68f8b03cd392f0fa572f53b362ff2082d
98,MLII/1 NSR/112m (5).mat,1 NSR,training,112,8464d5dddcc7689c12adcd9801a0193fb28949f29ac5297caefc9d3542776fcf
99,MLII/1 NSR/112m (6).mat,1 NSR,validation,112,11560ad2aabe8f0ae97635ecff225749333c24891a1464ea8b4988f75849941e
100,MLII/1 NSR/112m (7).mat,1 NSR,training,112,ab88e8f902201ecf9cb49a4f0f5c494084eaca43785edfca2c19f42d28e069e4
101,MLII/1 NSR/112m (8).mat,1 NSR,training,112,d4d51eefd1b4bf1c12ce98fbd198f0912ce0d69b8e49d8e84f5e7c6afb1b6447
102,MLII/1 NSR/112m (9).mat,1 NSR,validation,112,4c2d8f0cf7c6e322325ba60ba262cb58c7db47e142618430d812d2be458ec77f
103,MLII/1 NSR/113m (0).mat,1 NSR,training,113,9387ca8eb3a36d114e6bea86806d772d807dafbac01adacdb8a61435aa4b5e85
104,MLII/1 NSR/113m (1).mat,1 NSR,training,113,1847badfb79d87787b3413bf6cfaf6bdbd29dd9dce13ffa0a610e8754316399d
105,MLII/1 NSR/113m (10).mat,1 NSR,training,113,9783dd64d787043bb00f712b261235c2f6b9f5910a776586f7797adf1b814b44
106,MLII/1 NSR/113m (2).mat,1 NSR,validation,113,005198a7602288f7909d4906eb1b6201b7be1fda4695162da54761e84911635d
107,MLII/1 NSR/113m (3).mat,1 NSR,validation,113,8435bde5946cc053507b57e192114d61fe82efbd6d0dd674dd787603ef9a3649
108,MLII/1 NSR/113m (4).mat,1 NSR,training,113,63a16feb4b64f88708ec5f9ff39343f288e85726aea4f48344ba91658d65b52c
109,MLII/1 NSR/113m (5).mat,1 NSR,training,113,285e792265fdecfdad7879123e0c4c21ce26828bfce9dc8cfd4165ab5eedcb66
110,MLII/1 NSR/113m (6).mat,1 NSR,validation,113,647538e4646881fc2825027ac7e9af8bc97d9bdd04dc6e5661654a5aa02ee38a
111,MLII/1 NSR/113m (7).mat,1 NSR,training,113,6fb0afe02dc11d2769428c84791bdc26625bf9a7d5a6dca57fa56f12ffd06aaf
112,MLII/1 NSR/113m (8).mat,1 NSR,training,113,4d7ee11b122703003309c9eccaac7f4dcf5e3885fd7bb977e307b39bf6fea32f
113,MLII/1 NSR/113m (9).mat,1 NSR,training,113,2d5039587441da385e773e1f502d13b0ae3c48708c2348e5b0f6a3dee4a4bc36
114,MLII/1 NSR/114m (0).mat,1 NSR,training,114,b575e937dde1e9f5067e9a1f977cf57fa61018207ee151c04909d226505545bf
115,MLII/1 NSR/114m (1).mat,1 NSR,training,114,76c72e9d7370ddd7a1d97b429b27879ccb3c09aaa8596cdae6e00f70b864d7ae
116,MLII/1 NSR/114m (10).mat,1 NSR,training,114,8aa9b61437ea928404e27168e4bdb67e72c8e79b8bbdc1b23de26a3d0bd0c3f7
117,MLII/1 NSR/114m (11).mat,1 NSR,training,114,8c70f21fe25b7d676a64875c76a77ef919d128a58cd421018ae95d59d00edc53
118,MLII/1 NSR/114m (12).mat,1 NSR,training,114,8955c41edffb6a6b5e1ef32839c36aa04bee2dbd7fa9f487aa620f83a046b0f3
119,MLII/1 NSR/114m (13).mat,1 NSR,training,114,2ed8768aee286daea4b088c79a42567b5fbeacc2b177c649aa4857e939c61dc4
120,MLII/1 NSR/114m (14).mat,1 NSR,training,114,504b0e10e1f361a930ee5beb1b37723fd7301fd929fca802da7838418ede7092
121,MLII/1 NSR/114m (15).mat,1 NSR,validation,114,ae879d6da41196c1bbd915134625951f4c3058da722bccbe5caf1da68c6b8378
122,MLII/1 NSR/114m (16).mat,1 NSR,training,114,07b1cd3089b8c23f03d57ff07bc6b8ccfc128d714c16c154832415e69a11a867
123,MLII/1 NSR/114m (17).mat,1 NSR,training,114,feb35ea435cc1b3ea197b8f21513adb82e33b2a6c589b5a9595c189837ef8c64
124,MLII/1 NSR/114m (18).mat,1 NSR,training,114,c2fb952119593a014653afec24cd52f65d4414ce5e68f458d89d1afa32e0641b
125,MLII/1 NSR/114m (19).mat,1 NSR,training,114,e05a56b212237d574ac3d040ff4c58c8510957438b02d29674f756b688cbacec
126,MLII/1 NSR/114m (2).mat,1 NSR,training,114,c8748f4a9ab76a3156922eae5abbf1f7e4fd94ef7e10cd9f67c7900192d66973
127,MLII/1 NSR/114m (20).mat,1 NSR,training,114,270bad0eae0c9d6754530be703e3522191afdbe57a45a22b6dc4009fa767af6b
128,MLII/1 NSR/114m (3).mat,1 NSR,training,114,2322b7c1e0f230862fa9b0b5e5dc6451b048c84d616f9975d354816d77c96232
129,MLII/1 NSR/114m (4).mat,1 NSR,validation,114,fcf66238c80ba885b84a706b8c4f9c2c884b4296af742da7e1402b10527220ce
130,MLII/1 NSR/114m (5).mat,1 NSR,validation,114,557ec608f6afff2250fea0af766f928ea293d97de634b06d8ab2eafbfa71174b
131,MLII/1 NSR/114m (6).mat,1 NSR,validation,114,1c022f27a9b51b4ae571b6f6067f79139a9ad9607db1364c192ce073b713c9bb
132,MLII/1 NSR/114m (7).mat,1 NSR,training,114,240a10f429e26168e2675b3f10505d80935da7be924240de0bba19a83cdaa8a6
133,MLII/1 NSR/114m (8).mat,1 NSR,training,114,c2061096e137c95d6c990bf8aa87fa4c5e21af95f17bf5f4b2e1d21d7d5b5ba6
134,MLII/1 NSR/114m (9).mat,1 NSR,validation,114,bc78e72979fe4a57773db8a57077a47333dca15cbbbaac3bfec1640e7ebae911
135,MLII/1 NSR/115m (0).mat,1 NSR,training,115,e7fb6eb154712cc352dfc5309ea25aedeb4ecc015cefec7c1d75dfca7da6e679
136,MLII/1 NSR/115m (1).mat,1 NSR,training,115,245d6a874f944b44c081f6bda423ec1ffd16bd263260edc4c312410018a4bf3a
137,MLII/1 NSR/115m (10).mat,1 NSR,training,115,d1502aad811a5687382218ed8af796ca4c5d2c63e399170ff6116b57c085182a
138,MLII/1 NSR/115m (11).mat,1 NSR,training,115,57236e5b7160e1fc6c385dc4be3ea5455b06ee7892382ffc3732f97ee7b1bf92
139,MLII/1 NSR/115m (12).mat,1 NSR,training,115,970f964cdaeccb388b2906bb6f371a6b9474a4a7824e2a31f4b4bb2f07bc4741
140,MLII/1 NSR/115m (13).mat,1 NSR,training,115,b04eef0d384b628f1dc867c57852397698e61ffc57de5e6d67a4c0cb83d20a22
141,MLII/1 NSR/115m (14).mat,1 NSR,training,115,73f58d6cc29096b63e53aff49dc7fd1c4b84b457c30708051f7bbba612bdf211
142,MLII/1 NSR/115m (15).mat,1 NSR,training,115,0e8449b3e289c2a36ee40f1cdc4cffee916af671a34ba3a540a5badb0a6e1094
143,MLII/1 NSR/115m (16).mat,1 NSR,training,115,e89e1bfa530681d30676ed380941958569ca07ed8cdb98d008697f666894d28c
144,MLII/1 NSR/115m (17).mat,1 NSR,training,115,a1fb15fc7a33f41a50602a2f72f8dd796cbc00b8bcbdd98e8026a31b301de722
145,MLII/1 NSR/115m (18).mat,1 NSR,training,115,728ab7367f9b1d09b11098f574efe8a532023c2d23fa650740fb7baee4129e84
146,MLII/1 NSR/115m (19).mat,1 NSR,training,115,4ac5be753c285aef498be6bec2e65cd32b83019c5b5e9591ef3f7813a6af1f4d
147,MLII/1 NSR/115m (2).mat,1 NSR,training,115,d40edab1e7209fec118e596a3bd6080c1cb0c3cec751e8729a5401556d2bc336
148,MLII/1 NSR/115m (20).mat,1 NSR,training,115,bf72ae03aab9c69829c8910e894750e0dbc2673e23173c6952772cbab37b534d
149,MLII/1 NSR/115m (21).mat,1 NSR,validation,115,5200f1ecd876d63010d0b664f2cba7e8ae3e536390dd8f6801558c3113d9ca91
150,MLII/1 NSR/115m (22).mat,1 NSR,training,115,cebf9ae3c63885851d694b422f9f0651654fdb57b20f99dbddf3973a51848782
151,MLII/1 NSR/115m (3).mat,1 NSR,validation,115,c7555da6eda7834a252c596194058be0b1f266c63787383387b767d0b0700693
152,MLII/1 NSR/115m (4).mat,1 NSR,training,115,c7555da6eda7834a252c596194058be0b1f266c63787383387b767d0b0700693
153,MLII/1 NSR/115m (5).mat,1 NSR,training,115,702d9f83ffe4c4a03148d9c427024e72272918fa699af32deabacff82fc99120
154,MLII/1 NSR/115m (6).mat,1 NSR,training,115,5beae17af7c1f066cde010f486d54232f091e52ae00485701dc971808969a609
155,MLII/1 NSR/115m (7).mat,1 NSR,training,115,d1502aad811a5687382218ed8af796ca4c5d2c63e399170ff6116b57c085182a
156,MLII/1 NSR/115m (8).mat,1 NSR,training,115,970f0b4088ba503105dfed6b8ef14c2305228549b017d95fedaa81355ed9ddb8
157,MLII/1 NSR/115m (9).mat,1 NSR,training,115,8cea59ac9bd9b8fde6822cd508013c967f812a73e9d63f6b7037e8ce156b1afb
158,MLII/1 NSR/116m (0).mat,1 NSR,training,116,977b51854ad3ac582f4b8a479630483e8f6369cd8a2b6c8e6de074fd1c9c7428
159,MLII/1 NSR/116m (1).mat,1 NSR,training,116,f908ca3c933fdbd2a0b46e1abd900b9fc04f5c5a056d4fd8f3d422ee667109ed
160,MLII/1 NSR/116m (2).mat,1 NSR,validation,116,210e0a71c8f6c735c44ac28c0d5e64c899a892cbfb79cb49c83a1f415475b3ab
161,MLII/1 NSR/116m (3).mat,1 NSR,training,116,c360a0c7dc004e8fcb57c5b273ded3d3d5c00500314dce95d00cccfcc259721f
162,MLII/1 NSR/116m (4).mat,1 NSR,training,116,ded6d3957ae6a1d3e8d1e8d18d6bf1d324bc07567d06b64b3572130e62b25ab7
163,MLII/1 NSR/116m (5).mat,1 NSR,training,116,4c8c4e85284deeafa25c80b5c28e2d98a6c4b8c11877576b9a9d5054dcdfdd94
164,MLII/1 NSR/116m (6).mat,1 NSR,training,116,96d47f780c7782e0031d7722be3424c45eb7de7fa0cfd58d97a9133fa1a10b67
165,MLII/1 NSR/116m (7).mat,1 NSR,training,116,ae1bc04bb573ffe59463490a94d10386c02a135733f1a6f1cea6cd6a13273d34
166,MLII/1 NSR/117m (0).mat,1 NSR,validation,117,1edd2db1354ae5628b9cfbed3c1cba7bd814f4cfe992d57b8cc29a1544e67cfb
167,MLII/1 NSR/117m (1).mat,1 NSR,training,117,ebaff80c4ed9d52d4ad02b03a38500a9ce5cae0dc9fa81acc9f8505d31b4827e
168,MLII/1 NSR/117m (10).mat,1 NSR,training,117,7c85e6e69283bf9c010f0911ba891751b300bbed0343e650d59530d61fd61a1a
169,MLII/1 NSR/117m (11).mat,1 NSR,validation,117,06135ef352a0bd5f5f7ee809516cb9e51f68e95460eea320a6a69d9950d30db3
170,MLII/1 NSR/117m (12).mat,1 NSR,training,117,504440816696ea3929d7f0ef8041127bb921823d5ec7ae3ecd17dd687bd66d14
171,MLII/1 NSR/117m (13).mat,1 NSR,validation,117,707c67264d44f74624d69e9605fea8a1efc078f2b1414736f3653be808d18d41
172,MLII/1 NSR/117m (14).mat,1 NSR,training,117,11f8ec467e65c75a94139246a07adf3fff35464f06c2039fab8247cb10f12ef8
173,MLII/1 NSR/117m (2).mat,1 NSR,training,117,16e0e59d92b854e544e1a2c25fe63d3be404b8780df5d56a6072bca57ffb0571
174,MLII/1 NSR/117m (3).mat,1 NSR,validation,117,195429ce21a6040ae2679af9512df4cf734ddc6f2bcfb6ff5703ee359d98e71b
175,MLII/1 NSR/117m (4).mat,1 NSR,training,117,9d865241faab53edeceda76fd1265c338770bc6baf2031eaed21ffae64cb413b
176,MLII/1 NSR/117m (5).mat,1 NSR,training,117,5f46ea105fce245ecad9591c5e903c662a18a596e09bd8bd8575bc230e3427c5
177,MLII/1 NSR/117m (6).mat,1 NSR,training,117,3e2f59caf055ba71e894b71df31429f4a3d59212bf86e81db345c5d4134e086c
178,MLII/1 NSR/117m (7).mat,1 NSR,training,117,727209d8be0db60155ce1592aa7904e17a5b2a019f67df476741730856fa082f
179,MLII/1 NSR/117m (8).mat,1 NSR,training,117,51370d74f1925a985e714ac69f638ebf39a2b355dfe98234ed24f5a3e04241ec
180,MLII/1 NSR/117m (9).mat,1 NSR,training,117,c59b23847504e17aa50a61ff33bba86bd622a95af3979d4c363012ee98db392b
181,MLII/1 NSR/121m (0).mat,1 NSR,training,121,eb59d4c7f313fe21a544a672699494b2d45846f805f1aac918ab2f4c7b82513b
182,MLII/1 NSR/121m (1).mat,1 NSR,training,121,a6371da4d32eb37572edf91f3a0daa45375a883d6c669a732f43aea36369b990
183,MLII/1 NSR/121m (10).mat,1 NSR,training,121,db4896c421dd454b38bf50e56ed3ec7e72b1c136ce6cdd2b0898e09997f5fced
184,MLII/1 NSR/121m (11).mat,1 NSR,training,121,f8beea9e1211bc52a6d064e0601f8e3ecef225b3666aa4e68190ea70955cc699
185,MLII/1 NSR/121m (12).mat,1 NSR,training,121,7e1db456833b667248d81dea3cd2af81656e84afe6b191d1886e223813be1c4b
186,MLII/1 NSR/121m (13).mat,1 NSR,training,121,d32a6f8261969abba0503fdc111ab2bdf821870b94255e102c3a7e8aeee111fe
187,MLII/1 NSR/121m (14).mat,1 NSR,validation,121,f3643c37cc579e25fe707dc6c7c123c59679e84138cafa7e0f5bba006e3eff0f
188,MLII/1 NSR/121m (2).mat,1 NSR,validation,121,c056368c62e34f8d8655ee19da2173d166e0a013751fe42ff9e0ea9730264265
189,MLII/1 NSR/121m (3).mat,1 NSR,validation,121,92644a4c44149d96de64bb67ba1316785621ce8f3355e24d17bd333353fa046f
190,MLII/1 NSR/121m (4).mat,1 NSR,training,121,8be7226787f29ae94fc96c30e9c63026e9458757befc8bba919aa40dd93591fe
191,MLII/1 NSR/121m (5).mat,1 NSR,validation,121,d019ba2d9382e5cf21dd9d58858c05ab41937380e19c62d30b1ff90be7986c5f
192,MLII/1 NSR/121m (6).mat,1 NSR,training,121,28ac5481fa59d151df8d22d6d17e8966018301311d3831b73e0a3d86957d54ec
193,MLII/1 NSR/121m (7).mat,1 NSR,training,121,d76a6c3f826136615a04c892fb4996d60e193f5caeaae09891924913b7f1f539
194,MLII/1 NSR/121m (8).mat,1 NSR,training,121,e519cff04827407280028a09335851dae388ca4566eff7c0976bd04c18e2cb2c
195,MLII/1 NSR/121m (9).mat,1 NSR,training,121,079474338ee0fecca3ec9d66e69f90d415e03be1cdfa91d1ee00da7323d34b6e
196,MLII/1 NSR/122m (0).mat,1 NSR,training,122,66ac4e1398f845639b868b5ce43813163e61b618821ba031d80b2692d3f806a8
197,MLII/1 NSR/122m (1).mat,1 NSR,training,122,3ea1026b2f1b637614fcb124cb768fa5494664929a97deb30d5c56bfe5823933
198,MLII/1 NSR/122m (10).mat,1 NSR,validation,122,a3736a0b87950077c630e85e44edf6d4cba963c0f8077f0ec114cd4274a119ba
199,MLII/1 NSR/122m (11).mat,1 NSR,training,122,71f7061cc6eca7d2e76ac0f48ed11de084f38f546c2bf7e782ce99674b03b848
200,MLII/1 NSR/122m (12).mat,1 NSR,training,122,1f0ab20bcbcdf253639bce29b603cacd4f1d9383af170475a5fa5a674a8c39a7
201,MLII/1 NSR/122m (13).mat,1 NSR,training,122,83e1aaed430d5cc2356599a0c7c36918f4affdef2e4cf682d9da6e3f7e46e5e1
202,MLII/1 NSR/122m (14).mat,1 NSR,training,122,e9d8571837cb41242505d5a78c05555e16ddeeeb09147c73e74cabdcdf2517d0
203,MLII/1 NSR/122m (2).mat,1 NSR,training,122,930de04a0191c07af0c409fb62cac95b58ae51534481e4cd881e0cd3a161d264
204,MLII/1 NSR/122m (3).mat,1 NSR,training,122,ef316cef9d4fbfbdc51ea1ce0c953d590b30e16ffa65572d0b3cdee2c2524b81
205,MLII/1 NSR/122m (4).mat,1 NSR,training,122,6ecffef6504553a29978487eb13e4c7531d5c6409ca7963d733ef1b89a705bc4
206,MLII/1 NSR/122m (5).mat,1 NSR,training,122,f6c4b586fcc1d82f2be03b661dd64b5c6cddad42d72e37f5a84fcfc58e5c5734
207,MLII/1 NSR/122m (6).mat,1 NSR,training,122,acaca2854c8d2c31231123a92ab967d5316a5737e0e147ddf97b0c9aaa3286f4
208,MLII/1 NSR/122m (7).mat,1 NSR,training,122,da2edffab29d52d7b1b1558ca40744e871742f0afc6a62f0c8e0de46d85bbfd0
209,MLII/1 NSR/122m (8).mat,1 NSR,training,122,a2249d8cef44190ceaf7d1bc75c46c98bfab49647111a2fce6617dc5cdd59ccf
210,MLII/1 NSR/122m (9).mat,1 NSR,training,122,f713d91cf7c46125e4aca2194c56e28f516238b9e2b35664c4e96d0ec3eab5ce
211,MLII/1 NSR/123m (0).mat,1 NSR,training,123,4473c18e16537d4d3fcd427960cf44080954f2f4a5090993c30c41fafe4758fd
212,MLII/1 NSR/123m (1).mat,1 NSR,training,123,e9e61cd246a8183e4460077ca8e60f3cd519b96f9b1e65e9f9d24c660db4ec6b
213,MLII/1 NSR/123m (10).mat,1 NSR,training,123,97e167aff9cc153277b77c93d49dd64bb8439cdcb5d91d59ae98a5dae5ee21d4
214,MLII/1 NSR/123m (11).mat,1 NSR,validation,123,2247d804baeac5b72164eec3b605410a1468acd4ec7ce06ba1cedc5d3752dc0e
215,MLII/1 NSR/123m (12).mat,1 NSR,training,123,abcbde806bf4d47520a355010b4e07592004e2559029faf1a0429b52cce17dfb
216,MLII/1 NSR/123m (2).mat,1 NSR,training,123,0955f980624b0ec99d3f05ea351ed34e489b0af8ae53eba3e583241f2023a208
217,MLII/1 NSR/123m (3).mat,1 NSR,training,123,9b0ce92fd56ade1d0ad2700f36a3b21002408e11a5b505c2de35abe3208bacf1
218,MLII/1 NSR/123m (4).mat,1 NSR,training,123,f5a50491af83f70eab72b0b900397bbcc7391dde323d61b8175015442bea3241
219,MLII/1 NSR/123m (5).mat,1 NSR,training,123,fef220ccd8e0e0bb6f13a968a6ba4ea1ae80662ef3dc1e2028dc66d313ea6d03
220,MLII/1 NSR/123m (6).mat,1 NSR,training,123,eea99792b9b4e47ccbcecce17a59afebd522d3d7e51fbf1f3ecf0a598371dd6d
221,MLII/1 NSR/123m (7).mat,1 NSR,training,123,6ff0b3a205a74bc5ae2439bf550d24058fee34a1a01583857a03f7fea2ea8f89
222,MLII/1 NSR/123m (8).mat,1 NSR,training,123,d8d86c98e11377663d33054a30b7c30b2868ed5f1e1b9e0d7f737a2d3e0f9132
223,MLII/1 NSR/123m (9).mat,1 NSR,training,123,80857af7884ec02251fc385af57a8ec8ef51f6ab2dd59b82569d57d7722ed1b9
224,MLII/1 NSR/200m (0).mat,1 NSR,training,200,fa5126398fe9be0ee15b8c4b22c0871769865b1b04f4bb41abc80e41c28264f9
225,MLII/1 NSR/200m (1).mat,1 NSR,training,200,d44a6043cc212ea94e6aeaac29767e3036b09125976698c9a3fe4a670bbc5b2c
226,MLII/1 NSR/200m (2).mat,1 NSR,training,200,641ef35fe99abce88115072a792cb4052dc73c399ce6d2d7774478a4cf48f7d9
227,MLII/1 NSR/201m (0).mat,1 NSR,training,201,bda6555cef1f68886e04d0bf71affe388d739d9f9c032ff6dd31d31a6f912e9c
228,MLII/1 NSR/202m (0).mat,1 NSR,validation,202,82765b0381dd7da231287ab0289a716a79d3f947660291e61318345bbc5febb5
229,MLII/1 NSR/202m (1).mat,1 NSR,training,202,c55c500e0eaa61cf2597d3080b94b81e2e9a707c9ac5b5f24a0e1cb2993f3e57
230,MLII/1 NSR/202m (10).mat,1 NSR,training,202,7967eaad2f110ebe3ef8e16d7bece4936afe3afea5d4114b20881ae38878d6b7
231,MLII/1 NSR/202m (11).mat,1 NSR,training,202,36f6638297a1056253e7291f1343017733173d1efb20e30d17044b0a307e66cf
232,MLII/1 NSR/202m (12).mat,1 NSR,training,202,b4895213c35b763023851e532832121394a5d87f213e5d4ba0131b4cf66184bc
233,MLII/1 NSR/202m (2).mat,1 NSR,training,202,6b8acf562550cbcc17244b26edee2198885854f84063118c78ab4ad5cc0b7d88
234,MLII/1 NSR/202m (3).mat,1 NSR,training,202,fe11e1df578082dc99c3781ed37d6ce8dca3b9b75f9968aa66e9b75d53332605
235,MLII/1 NSR/202m (4).mat,1 NSR,validation,202,d8761653785b1eb5c8cfd1936d914d131a8b7ab1edc5efeb02e405887988ea03
236,MLII/1 NSR/202m (5).mat,1 NSR,training,202,64cbc96f6422d5bab6ee616d572738c1fa63465b4ec3124afcd70833587a665a
237,MLII/1 NSR/202m (6).mat,1 NSR,training,202,c44bbe9e468b46ef1ca38787223718e3d65e8848494b2557b26f2502d53d57bc
238,MLII/1 NSR/202m (7).mat,1 NSR,training,202,4c1e67dcda3bd96b562b9336bd88e758755e04e0f427b5c0ce8a2a6886753815
239,MLII/1 NSR/202m (8).mat,1 NSR,training,202,2b52711fb4e1f116fba540ead94a55b8669744fd41b1ccf1cc8179a6c3089b46
240,MLII/1 NSR/202m (9).mat,1 NSR,training,202,4e108b56cf129f592463485392d21d30aa6b0430b17c2f8a9b0160a6466194a7
241,MLII/1 NSR/209m (0).mat,1 NSR,training,209,6e3ce17299bbc02fbd4c50cc9b8a17ef54527dd6f96ce8caf664e3a476214145
242,MLII/1 NSR/209m (1).mat,1 NSR,training,209,d802b89e506fa6e6eda28922912e65f2ac9950a36f2be59173479dc359975cb7
243,MLII/1 NSR/209m (2).mat,1 NSR,validation,209,56940a2273795597db7b336a0163fccac4af671f97190c92899b1afe325c1d04
244,MLII/1 NSR/209m (3).mat,1 NSR,training,209,e290ea6c0a768f9f222a2c10b9f1a824dc9acc74daccce3c33464a0064df2afe
245,MLII/1 NSR/209m (4).mat,1 NSR,training,209,1cb2fc4e96a498ccd585aa28fe960a7a205f33f287147f4c75c0f19cf5bbbfb8
246,MLII/1 NSR/209m (5).mat,1 NSR,training,209,e9d3b2f4b6ec4cdd27b9d94b5d5e6c4a31327d8c802a9787578493daf274747f
247,MLII/1 NSR/209m (6).mat,1 NSR,training,209,f17be06b7bab6a3717603aa4a9ca8007861f4c93081e31729024e7c916bb528f
248,MLII/1 NSR/209m (7).mat,1 NSR,validation,209,828b2483d8f15dfa1e0f5966d4b0531bb8e9a84408e9bf05900e5fd73c8031dc
249,MLII/1 NSR/209m (8).mat,1 NSR,training,209,30a08f324e6277685f7eeeef29a015a0304ae88a64ff6e3f27e0ac1d158663b8
250,MLII/1 NSR/213m (0).mat,1 NSR,training,213,1d4682b2fa60ad4ff7101c51fdc563c42b4304878a80472efffc79133eba53c2
251,MLII/1 NSR/213m (1).mat,1 NSR,training,213,d523cd308f760570714bc85ff5135b578fa4c27e22627098d907d916cfdc4560
252,MLII/1 NSR/213m (10).mat,1 NSR,validation,213,cd06562c6f545b4e3f731a7e54d5a846fd8f1b83f53f028d703f73be2f399e8c
253,MLII/1 NSR/213m (11).mat,1 NSR,training,213,a1d8e10a1de0b67359a58a9b693d8a139d57fa4741f13e7e2b22edbc87667433
254,MLII/1 NSR/213m (2).mat,1 NSR,training,213,79b81080dc6c4f936a05cfa466c72da9dbad44c89e3ea3cfc6caafe6a1a339a5
255,MLII/1 NSR/213m (3).mat,1 NSR,training,213,c9c6c42b3660f5fe6518c966f09d1c7244a1fc81086a149b4545d2e26e638818
256,MLII/1 NSR/213m (4).mat,1 NSR,validation,213,1b975dbfbee46d85d5699d8167b35f9c3eee302ddf36699f051d668c60e55b11
257,MLII/1 NSR/213m (5).mat,1 NSR,validation,213,10d139a8487ae5d2339fba74099426db41ac5b1a63c07fc6c2b5c149071399bc
258,MLII/1 NSR/213m (6).mat,1 NSR,training,213,ce4066f74aee6d0753a3e0d693b404e9f9f042d9345481e08a8ffbb5a18c8caf
259,MLII/1 NSR/213m (7).mat,1 NSR,validation,213,50e339ae17df3e65dc0597cae5990b498d50cbff93b600c99ed8ec31a0d82001
260,MLII/1 NSR/213m (8).mat,1 NSR,training,213,a1d5aef8a3e6ed2e1d5e6a933a1446fe1db777bd7e7ed30b478a81e2ebe58d2f
261,MLII/1 NSR/213m (9).mat,1 NSR,training,213,00b34db25df7a8aa6d17ab8bb1241e7970931bcbae4c5aa5245cccf6435fe75e
262,MLII/1 NSR/215m (0).mat,1 NSR,training,215,c39e2be15a6044a986dada8cf121f9337f07984828466c0df48d1e172c4774ac
263,MLII/1 NSR/215m (1).mat,1 NSR,training,215,16333aec214d013542ebdd09c268ac019c1e086614db059f7a1709f64facc41e
264,MLII/1 NSR/215m (2).mat,1 NSR,training,215,508e551fe9187adc5d26fe9c3baf1b2c2a41d448ae127935858c270ef28fd568
265,MLII/1 NSR/215m (3).mat,1 NSR,training,215,499b11f4fe3a7b395072cb317963cab902d7b296f79f24917317b0cd0f8a7b22
266,MLII/1 NSR/215m (4).mat,1 NSR,training,215,976c02b76169c2f9d73c0dd8c0f7587fb0981fac7a72c7210a430273f61e0b48
267,MLII/1 NSR/220m (0).mat,1 NSR,training,220,60fba9929385f78a06c8f4f5b6ec4f5c4f44c606d4be33d877f250a774619e5c
268,MLII/1 NSR/220m (1).mat,1 NSR,validation,220,37a598edc40c5e479523a7ea312a9467f5eca85852706536fb1c4599ad9cd4ea
269,MLII/1 NSR/220m (2).mat,1 NSR,training,220,495abb110fbf21ac39b74810796f655ce3b527915d7e3eaf25504beb6deddc5e
270,MLII/1 NSR/220m (3).mat,1 NSR,validation,220,68d3eee8b21de012a6d597fd14177bceb595cb61897a85cde162b52159f79375
271,MLII/1 NSR/220m (4).mat,1 NSR,training,220,a19d606849b9bbf699dc276f76cfa4af6934c925b024213954e5eede3e70ad3c
272,MLII/1 NSR/228m (0).mat,1 NSR,training,228,fa26acf82741af7c81d54e1cfda585df00210fc97cd635ca7ed7008a4fe3101b
273,MLII/1 NSR/228m (1).mat,1 NSR,training,228,451b6e29b938f2eb4957e2788b34165375041e78ab466885396f1262dfc43b6d
274,MLII/1 NSR/228m (10).mat,1 NSR,training,228,77690edc56073bf6d277fa9ae1535b5368b9bfa59291d2f6ceafcf654494c9a8
275,MLII/1 NSR/228m (2).mat,1 NSR,training,228,c2541d1d7c8699be5300bb4142605572ec643d942dc437726eb2d348cbf47ec6
276,MLII/1 NSR/228m (3).mat,1 NSR,training,228,12fa75283d137a65ba617034f597e2d3eb3b68f41accf148c10b6f58c1bbbd68
277,MLII/1 NSR/228m (4).mat,1 NSR,validation,228,8cfc96443f33117f6f136ad2ff4704f907dbc1b44b3708161f2ed80606864c48
278,MLII/1 NSR/228m (5).mat,1 NSR,training,228,451b6e29b938f2eb4957e2788b34165375041e78ab466885396f1262dfc43b6d
279,MLII/1 NSR/228m (6).mat,1 NSR,training,228,187a9a746a50686a78dc44edcf6287e2ba6135f7d59381b46c28e903e3663410
280,MLII/1 NSR/228m (7).mat,1 NSR,training,228,c2d366259dd0ae1dc7e23a5d1e25d8ef1b6ba8acc5b9856c22ec6b27276d4692
281,MLII/1 NSR/228m (8).mat,1 NSR,validation,228,8cfc96443f33117f6f136ad2ff4704f907dbc1b44b3708161f2ed80606864c48
282,MLII/1 NSR/228m (9).mat,1 NSR,validation,228,d8c19fb354265ce497c19c06baf712c3a5f639da4d058f52a6d5fdf416884675
283,MLII/10 VT/106m (0).mat,10 VT,training,106,5e5372a2b2217707dde74b1f38ae4826fc8498f969d55a097a32969e2b2946e7
284,MLII/10 VT/205m (0).mat,10 VT,training,205,3b974be1cfe9a2f4959dd20520102a3a59786a8eedeae594c715dfb815b243cc
285,MLII/10 VT/223m (0).mat,10 VT,training,223,13f93f191b623b4273916bff05fc430717640b535c0b5aac0581321168169f3a
286,MLII/10 VT/223m (1).mat,10 VT,validation,223,ba3da5856a01400a72b7c95e3eb505bb03fcd57785c786bc990b4ca60db5437d
287,MLII/10 VT/223m (2).mat,10 VT,training,223,42670f9d2eeb06df0e5d92ac0016878288a3364faf6acdb75a35ca59e07170da
288,MLII/10 VT/223m (3).mat,10 VT,training,223,587b510e76eac5abfd7a6706171abce0be8402955e7ce5ab30e013cb6b6df080
289,MLII/10 VT/223m (4).mat,10 VT,training,223,02f6bea7233938fbb4b5b1f28d70374e93d055962fa7af24a99b30c7b62f8e8f
290,MLII/10 VT/223m (5).mat,10 VT,training,223,51bb03156f3fa3f9914586338cb7dc3365c89205b4613e7cb2ed7caf2f0646fe
291,MLII/10 VT/223m (6).mat,10 VT,validation,223,39a320bb5d421648a33574259f2e8e8d4e5cdfb37d27c5527f36f5e6b52e9bb8
292,MLII/10 VT/223m (7).mat,10 VT,training,223,0c750229be46de51fd812ea0369e23ec02aac21d682694de3f0738f709adb203
293,MLII/11 IVR/207m (0).mat,11 IVR,validation,207,61261be37ec7615db5ed2c65aec6609c90d18559631a9510b8a88eed44832da1
294,MLII/11 IVR/207m (1).mat,11 IVR,training,207,82eb8916d89e21d8d465a61a9ed9017bee8ebae502917777584523cdbec271af
295,MLII/11 IVR/207m (2).mat,11 IVR,training,207,8f64a220ad17099425a8681223f486a9a4aa1fbe1c1513222ce782929d5e68e5
296,MLII/11 IVR/207m (3).mat,11 IVR,training,207,4cd2e8bc53c9792be9ae2da42e01323a487d20be5f6850371d4da798d8a332a4
297,MLII/11 IVR/207m (4).mat,11 IVR,training,207,2300083d91ab44732b54c972b84829ead4f5e7b6d8cdbfc5ccfed813017a452e
298,MLII/11 IVR/207m (5).mat,11 IVR,training,207,7f988710ccc07079b780a3da5c16dbbe0f202f24b892595117ccc18e202b5ca0
299,MLII/11 IVR/207m (6).mat,11 IVR,training,207,06ef83f8adc8ef645706d1f7f56c261be582d89bbb84733df51d87f5acb05408
300,MLII/11 IVR/207m (7).mat,11 IVR,training,207,bdb8b58c7b4f711a940cbdf579e5b5c3fb2a54eb14d187beef0ad3eabce9df51
301,MLII/11 IVR/207m (8).mat,11 IVR,training,207,d2357e2e4a95d2d6a841f98053ce0766bc56a348a95267220cf450060ba92a75
302,MLII/11 IVR/207m (9).mat,11 IVR,validation,207,b80e1440a33ad8160ee16e4dafe4379e27c86a6d43083d892e689aa39fcaf026
303,MLII/12 VFL/207m (0).mat,12 VFL,training,207,f14bc8eb02d53a53f8058ce39f10d8511828f5f9e89960d11dacf08149e3c034
304,MLII/12 VFL/207m (1).mat,12 VFL,training,207,79c8a7b94eb154926a7cb2f20638a0ec388c0956ffb332d90a76981827612830
305,MLII/12 VFL/207m (2).mat,12 VFL,training,207,e3fc5396b7a90d9b00249d078f0668f7cea3630013dc68d44264531b54f48649
306,MLII/12 VFL/207m (3).mat,12 VFL,training,207,7682cd971878229518676ba6bcb97b91fca46c6c45b47a65bb4a8f8a4ddb56ac
307,MLII/12 VFL/207m (4).mat,12 VFL,training,207,fb6c62ccbb16846e64cd18a8a209214cc976245cc4ed07e06665e08d23293a18
308,MLII/12 VFL/207m (5).mat,12 VFL,validation,207,df3ec5b3e6f5950479c6b802876305fec14a46a510ff18c4de56a3efbd1c4bfe
309,MLII/12 VFL/207m (6).mat,12 VFL,training,207,e7714635a965abece2c7dce614e461a41e067cdb2e81a832400b260cd6d45d34
310,MLII/12 VFL/207m (7).mat,12 VFL,training,207,c5ec24220587419670db3f9de8f32cbf3faf009bce8c438d4f1696d33b5fe252
311,MLII/12 VFL/207m (8).mat,12 VFL,training,207,2fb37f4c5ba76117ba39586a8f22299518ed06637f5d3d55946fc1b38a5fb3e1
312,MLII/12 VFL/207m (9).mat,12 VFL,validation,207,707f74f62de4d0cefeef8791e96d57beecfed298062043e5581196ee52100fe1
313,MLII/13 Fusion/114m (0).mat,13 Fusion,validation,114,2120359854e66ab960cab4eea7431d3ecac6f6e5d31c2a9d1cceb66d89a827e6
314,MLII/13 Fusion/114m (1).mat,13 Fusion,training,114,079bd2e5dee97db18192f016732e2410d58f008e5697c0c7c31210a45b04277f
315,MLII/13 Fusion/205m (0).mat,13 Fusion,training,205,409c5a73a6c6ecc0d6119b5a3840e15e11fcde04ce3581ac7f4ca0520a4dfc0e
316,MLII/13 Fusion/205m (1).mat,13 Fusion,training,205,31b9633a24eb4f9a12dcd2bd6378bb5ad07e0b8a6d10e91332d52597096ae786
317,MLII/13 Fusion/213m (0).mat,13 Fusion,training,213,9796ee1af5c23e58a79af8ca735c40a1f877412cb32ea3ed5130d94aeed063d5
318,MLII/13 Fusion/213m (1).mat,13 Fusion,training,213,a3b639e90b32e89aa2c927dc01b252e77116e2b22a7b7f11e357a3283785508b
319,MLII/13 Fusion/213m (2).mat,13 Fusion,training,213,68548584de9ac783a2697db49ed9571090573ca5920999f95411aac86d67cab0
320,MLII/13 Fusion/213m (3).mat,13 Fusion,training,213,12d2e7173ec5df44b1f153b36591ada02648741a6ef43f7cc503ace17dd971a8
321,MLII/13 Fusion/213m (4).mat,13 Fusion,training,213,7c4d7d96f0fdd7e8e25545714c0b54da2f8fb65e06a0988166b41c11a00d23ca
322,MLII/13 Fusion/213m (5).mat,13 Fusion,training,213,a661e1be3595df27d24a909913ba479fbc7add9ba23ac1121c305a3e63c8798a
323,MLII/13 Fusion/213m (6).mat,13 Fusion,validation,213,9d5f5f03caeb9097da4954377f40963a151fb80c8ac83310478115e04cd0e031
324,MLII/14 LBBBB/109m (0).mat,14 LBBBB,training,109,eacbf396104243276e1a23c49b815d43492caa423eff851d684c76ff3184628f
325,MLII/14 LBBBB/109m (1).mat,14 LBBBB,training,109,d9f03e1faf09ca6d367e172b3e31a76492ec0267f410e1623dbaa7acf6e9a9e0
326,MLII/14 LBBBB/109m (10).mat,14 LBBBB,training,109,e38b20300bcb25590b238d2e82120e976d46d474cf2c2e1b495a569c7081062d
327,MLII/14 LBBBB/109m (11).mat,14 LBBBB,training,109,60c73bbed943353fd1529736191d527af93cf9d8eefee59189c5bbe9c8e72ff1
328,MLII/14 LBBBB/109m (12).mat,14 LBBBB,training,109,a18a3735b8e5ff2ecaa5e6268a2aabdae9fdf355fca006126148a99d88f19034
329,MLII/14 LBBBB/109m (13).mat,14 LBBBB,validation,109,94935300ec92a194914130a5871201766fb4081129019cd39c7111fb2ce88557
330,MLII/14 LBBBB/109m (14).mat,14 LBBBB,training,109,df3c0b64570db599fcb56448020357540a03d1dd0a31ddf7ca64be373bd80199
331,MLII/14 LBBBB/109m (15).mat,14 LBBBB,training,109,474fb568dfb7ce27327b621b5efdc01df66a2a09700338c2adf0ce57c937a8b6
332,MLII/14 LBBBB/109m (16).mat,14 LBBBB,training,109,89fbde414e109d5102f32da5e7f46b170746a009e87bba835735cb40619d50bb
333,MLII/14 LBBBB/109m (17).mat,14 LBBBB,training,109,9d786653f0a071644c991120c6da7dd8b9e589e4d6d3bcd918d7448aca257217
334,MLII/14 LBBBB/109m (18).mat,14 LBBBB,training,109,2b8c9325fbc9d8fda0e86bf4ce79b5ec91078bd484416735e1773df134220512
335,MLII/14 LBBBB/109m (19).mat,14 LBBBB,training,109,347fb85f2ead64eaec021c483f388693ab4a7973a02508386b5181eb08b95ed4
336,MLII/14 LBBBB/109m (2).mat,14 LBBBB,training,109,d78bc932e4a8b8b0a7b8d60e2150cc205ddcdcd236a3b9ec2b835c8e58966f2e
337,MLII/14 LBBBB/109m (20).mat,14 LBBBB,training,109,1a75bbd834dcd8ce4b76f171b5677c5ae163a0ec520fc6deeb55e0f99ee9b292
338,MLII/14 LBBBB/109m (21).mat,14 LBBBB,training,109,37acb867840570f616ad292d0f718d65289d00632ac6cff2ba12c082cfa8d315
339,MLII/14 LBBBB/109m (22).mat,14 LBBBB,training,109,999ad5a94f63520fa6a66ba262349b460a4f8ec30a8b88de3bbc1de931b9364a
340,MLII/14 LBBBB/109m (23).mat,14 LBBBB,validation,109,3364a85a964e3cd211c3b21c393262ce3b97a6bd0ff8fce81f303dae44aa089e
341,MLII/14 LBBBB/109m (24).mat,14 LBBBB,validation,109,2db73a26a7221d18e8a587dfa7389ce12181e4e643d02da48add5b40b2884772
342,MLII/14 LBBBB/109m (25).mat,14 LBBBB,training,109,0ee73eadf5260e8cf15e3185455150ec53a5270c28932f6cc45fa793ac1d5fa5
343,MLII/14 LBBBB/109m (26).mat,14 LBBBB,training,109,0332691fbff16c1fffcf19e64ea267b0e3635d2aed5b34574ce4af9355c54469
344,MLII/14 LBBBB/109m (27).mat,14 LBBBB,training,109,ceba1eda5b736315e90720e38306f49fa19821207ff08adc3a33f7785c49d1fc
345,MLII/14 LBBBB/109m (28).mat,14 LBBBB,training,109,cea2fbffe56fdb43960236750317a5f8bcd4367909934b8687932f52f7f0f8ef
346,MLII/14 LBBBB/109m (29).mat,14 LBBBB,training,109,8adb0265d5b60b672effa531dbb7e4df5d201dfe1450f6d3f867f20c76a584cd
347,MLII/14 LBBBB/109m (3).mat,14 LBBBB,validation,109,eb6e8dc77eb43186873121790c9138f843b7a40521ff14002dc6a83da107c2f2
348,MLII/14 LBBBB/109m (30).mat,14 LBBBB,validation,109,1ecb2163d7194b5a7e35e87ff2cfda72ffec07c8802ad6ea95dd64b0462db2b2
349,MLII/14 LBBBB/109m (31).mat,14 LBBBB,training,109,067ead3395b12cd4cbb59496512be3fd0ce04a62101d33ca463acc35d4fa61f7
350,MLII/14 LBBBB/109m (32).mat,14 LBBBB,training,109,9cb89eceaf34381fc4fbb83adf2b61f562e0c457c1a4fdb01d5b166ddbacfe9e
351,MLII/14 LBBBB/109m (33).mat,14 LBBBB,training,109,4606ba81eb78a7a28c175b9d690ce2eb89e1f964127a3039606dba076bd8f98d
352,MLII/14 LBBBB/109m (34).mat,14 LBBBB,training,109,79d181ee884e692a47663b913c42787ed353d1f4144569fc04a9b9d139741adf
353,MLII/14 LBBBB/109m (35).mat,14 LBBBB,validation,109,ec87c6330c5e51f5e25bbf6ba4362661d06f9d79b6811db95ce6e604c3624bb2
354,MLII/14 LBBBB/109m (36).mat,14 LBBBB,training,109,83cd945a36acc3b48b6d840d7186020759503835272654cdb03472283de1da63
355,MLII/14 LBBBB/109m (37).mat,14 LBBBB,validation,109,ec87c6330c5e51f5e25bbf6ba4362661d06f9d79b6811db95ce6e604c3624bb2
356,MLII/14 LBBBB/109m (38).mat,14 LBBBB,validation,109,53107bf906da64e4ec3f63217b8535c0c0a4d87c3f56703498139e073576c1a5
357,MLII/14 LBBBB/109m (39).mat,14 LBBBB,training,109,cdb4aaabfb85dfaf2b6fa4df904d860d578b045b93f61eb84d48cebcd5f8c46e
358,MLII/14 LBBBB/109m (4).mat,14 LBBBB,training,109,cb2d7d31450e104459d81f5f0bd641d10af1dd492fea0ba250db04a9eba927e4
359,MLII/14 LBBBB/109m (40).mat,14 LBBBB,training,109,bcc4ac0dc9f6e24efe3179a54009116b14a9dde45f73ab36cbf64cb4000326a1
360,MLII/14 LBBBB/109m (41).mat,14 LBBBB,validation,109,6753dcaacb52cdd5c26a081f43f01fc45c71efc1d658f71005c401a28ec8915d
361,MLII/14 LBBBB/109m (42).mat,14 LBBBB,training,109,9887bb4195e18cb26745818e5e20410d4f0fff162c92e7485588a03e0d99f8b5
362,MLII/14 LBBBB/109m (43).mat,14 LBBBB,training,109,98394d0a0cf776ef444523e4da0e7acbada7ba4fcf8dfac00e3b2414e46c0e67
363,MLII/14 LBBBB/109m (44).mat,14 LBBBB,training,109,67b5f2872ddf1ca7786d3bb3a4b3ea852581936e178afa174a9faa24499d7056
364,MLII/14 LBBBB/109m (45).mat,14 LBBBB,training,109,3f9e1bc80898964a43fd698e41fce607bcef88e85f0604678e229d7db5ce65f3
365,MLII/14 LBBBB/109m (46).mat,14 LBBBB,training,109,e6e4025eb4a7ca013a3113c8364f6455d53c5f71671496c32ca0a1ce107f1b17
366,MLII/14 LBBBB/109m (47).mat,14 LBBBB,training,109,b4ed2d92f02f2227b5067f127c2ec4177aefcef7a75ea3b61f4a070e9f377959
367,MLII/14 LBBBB/109m (48).mat,14 LBBBB,validation,109,4179c697a09c97a05baa8a4350174cc12be41befc166b779a26f4bdd93cbc4ed
368,MLII/14 LBBBB/109m (49).mat,14 LBBBB,training,109,50a9f9d33676cdc02eac73f9fe9a20e5ec0e3424a5c8151cd15881ebcb5453ae
369,MLII/14 LBBBB/109m (5).mat,14 LBBBB,validation,109,2c4ea1cfac6cc7a3c6985a9e90dc7135164f4761491cfc3381503440bf4e93b2
370,MLII/14 LBBBB/109m (50).mat,14 LBBBB,training,109,dc67817706d10f71ae17232d7739b0cd8384437c2f50b14c4a2b5da0773fa9b8
371,MLII/14 LBBBB/109m (51).mat,14 LBBBB,training,109,0f5ac2ac2ac714f5d6f4426569c367b0f4d5582145d492da7e08cace28546cdc
372,MLII/14 LBBBB/109m (52).mat,14 LBBBB,training,109,2b5f1500d26f4f1ba6e8f18a27daa17da480d79ce83f4490f0e6a40ff1b95e5d
373,MLII/14 LBBBB/109m (6).mat,14 LBBBB,training,109,23c2e4919bfda55bdc8f07282115b19e4b9b33c85cf90dca0a4231a44c676c2a
374,MLII/14 LBBBB/109m (7).mat,14 LBBBB,training,109,1109a10bcca4922045f31ef063c4da6e51fa945b0f5f8a587218182b292de984
375,MLII/14 LBBBB/109m (8).mat,14 LBBBB,training,109,2107931c9ec2d7a395b178228e556fb34c3fb0477920303d87a412a07dd112f3
376,MLII/14 LBBBB/109m (9).mat,14 LBBBB,validation,109,e2341f82dda6b908a3f752774415463f1cf0135db385291414f25014b0f9f1a6
377,MLII/14 LBBBB/111m (0).mat,14 LBBBB,training,111,5522a7e76b3affbe5e8b416af90987fabbbf83cf7601319c2065ecdebab51965
378,MLII/14 LBBBB/111m (1).mat,14 LBBBB,training,111,1128a521eaadee5e58c6c85ad0bfb6e91e9b2e88f7027d031ddad51388148048
379,MLII/14 LBBBB/111m (10).mat,14 LBBBB,training,111,6aae87674b8d11c8ca0e2b84cd1c03c2bd96b7c16f047dbfabfce91d52f19390
380,MLII/14 LBBBB/111m (11).mat,14 LBBBB,training,111,f3d69f39a3ed5aec871ea2b3d3a84b41317ebfab3be61002ae8a164854c3157d
381,MLII/14 LBBBB/111m (12).mat,14 LBBBB,training,111,0032cfcc9493aa77d912095c06675299857c4413b85522808774a8a781ced767
382,MLII/14 LBBBB/111m (13).mat,14 LBBBB,training,111,17aa98f438e1bbc61818743d06ec0cdaa474b6e5df133bf375bbc42dd18d33e8
383,MLII/14 LBBBB/111m (14).mat,14 LBBBB,validation,111,96ccda27e8cbf322cce569ad5fec7c271644ebcd0bb370db04d72e1703658498
384,MLII/14 LBBBB/111m (15).mat,14 LBBBB,training,111,592832e147b7c76866197421d443befe94b0bf8e1911c91da6b64495aefd2670
385,MLII/14 LBBBB/111m (16).mat,14 LBBBB,training,111,36a5014ecb3b913c3fe5d601962727e93233e5cbdc3516c2f0aac90785bab3b7
386,MLII/14 LBBBB/111m (17).mat,14 LBBBB,validation,111,4bfb9007b003cbea68eecc7d2c7d6aa5f163e8d1b6b439fcaabbc0eea5f3732d
387,MLII/14 LBBBB/111m (18).mat,14 LBBBB,training,111,7903deaf18d5aca9c3e1cece97e428cfe4093bede03aaf41dede5ce5160c5a65
388,MLII/14 LBBBB/111m (19).mat,14 LBBBB,training,111,a1231ce49333f836857416f0caf39118ef37e920253941272f54b8a1d7f4acc2
389,MLII/14 LBBBB/111m (2).mat,14 LBBBB,training,111,90a1439ed8fa64f43db8636de12281f697d32cb9f60694d9da157fc62b8c44ad
390,MLII/14 LBBBB/111m (20).mat,14 LBBBB,validation,111,71a83a6c267593ab2559b5f621753394943d90afd7e5c0528e9049f22edcaa7b
391,MLII/14 LBBBB/111m (21).mat,14 LBBBB,training,111,d069c1410feefdf7b84130e78da87bdd156c5e2469b00eb8519a7f6d55770f25
392,MLII/14 LBBBB/111m (22).mat,14 LBBBB,training,111,f0ad631f8a95c166099b69f15c83c10712bc5a7c7b9e4646d75030fb71f4ed4f
393,MLII/14 LBBBB/111m (23).mat,14 LBBBB,training,111,01433ac172c73c637d7d0f27c3ecbe27bc76994cc07e3d6d9663df2784fbb7f8
394,MLII/14 LBBBB/111m (24).mat,14 LBBBB,training,111,c59eca0d796ea43a9e30da4f3e77d26c9c89ddd40fadc168e2255f79fcbd6342
395,MLII/14 LBBBB/111m (25).mat,14 LBBBB,training,111,498758e79641b97e91f0e06106f4275bae612dd2fcad6228eb951e51ec7f9905
396,MLII/14 LBBBB/111m (26).mat,14 LBBBB,training,111,61a831355d2f17a76136374124e421fc0e26545e481a1bf57b74552772d7c7ff
397,MLII/14 LBBBB/111m (27).mat,14 LBBBB,training,111,5c3a7e346af64f4794cafc17021a39438dacebbc4696dc874e0917b55d4e37a8
398,MLII/14 LBBBB/111m (28).mat,14 LBBBB,training,111,1e3b5ccda2d6e87040d867e51b8a4ffbc5030fe0dd0fa4e12146f7ff5c5fc042
399,MLII/14 LBBBB/111m (29).mat,14 LBBBB,training,111,354d21f6d624b64c53256b22a98bad37f7cc7fc0be2b508ab4fb383891249b0b
400,MLII/14 LBBBB/111m (3).mat,14 LBBBB,training,111,a0edfcbd513e4d2084954e4548efb857c53dfe9b08fda328ca20b57c69784820
401,MLII/14 LBBBB/111m (30).mat,14 LBBBB,training,111,5b1954832b542c17d9df83431b8b275f4c95533f2ea54a58ea512a5a79e084b2
402,MLII/14 LBBBB/111m (31).mat,14 LBBBB,training,111,9e645318d11862da3c413b171121c3dbb69a1fe11d4731cd19aa16f324fe57de
403,MLII/14 LBBBB/111m (32).mat,14 LBBBB,training,111,ff8ee775c4105b60027535791a38ccfdc016b236f06e1d54b6743e62d50e2871
404,MLII/14 LBBBB/111m (33).mat,14 LBBBB,training,111,4b1d5fca47c08d4f71d1c3a81e47bcbbf7613449a58289a38786643154b81cf3
405,MLII/14 LBBBB/111m (34).mat,14 LBBBB,training,111,5eadb0993665b2b7633a51945314f80b6a508d8ec38c46252828738fbf092355
406,MLII/14 LBBBB/111m (4).mat,14 LBBBB,training,111,1e1a8e24c4d5cfea49049e417990883d750f9c947e84adb413bfae6906e3aad3
407,MLII/14 LBBBB/111m (5).mat,14 LBBBB,training,111,3aa1de22c0ce013be77da2e596039fcfb3c2505a0380e1e2984aec91136610f8
408,MLII/14 LBBBB/111m (6).mat,14 LBBBB,validation,111,a5450d78562c47173d22a6dda9c0c9e66f8655437c7743c0a6c686e6b9125856
409,MLII/14 LBBBB/111m (7).mat,14 LBBBB,training,111,b5a7899695244203e9251c1877dddc37a722246b345d77b7ea5ab3af631ac343
410,MLII/14 LBBBB/111m (8).mat,14 LBBBB,validation,111,9c15ed11cb6823e34e8b79f88a409238261c6871406b5eeb1ebdf0860aed54c0
411,MLII/14 LBBBB/111m (9).mat,14 LBBBB,training,111,2fe0cf526bcd48bab28b463d01458ca751a2277af9e28c76222d3075e7687705
412,MLII/14 LBBBB/214m (0).mat,14 LBBBB,training,214,2a7e516df1543840d0f043f85660196b0770042b203df3a882eb6b1f0e63c7b9
413,MLII/14 LBBBB/214m (1).mat,14 LBBBB,training,214,459b11ab67a92b34c41d4feeaef3839c0ef0303fd944c3ad8fe98d21c09aa773
414,MLII/14 LBBBB/214m (10).mat,14 LBBBB,training,214,183aeed40e6bdbddaa4c237ecef13b80b03f766ed91bdd4b3b615d67961ad66b
415,MLII/14 LBBBB/214m (11).mat,14 LBBBB,validation,214,cb00f5be944ee417ebb15f20554a41cb6057fd3384abf001a98fea83fce5f42f
416,MLII/14 LBBBB/214m (12).mat,14 LBBBB,validation,214,52fb99c002974413a6bcf0472c2ee1428700698b0b6568acb36f4cd7ca39ec43
417,MLII/14 LBBBB/214m (13).mat,14 LBBBB,training,214,7bd6f0d5085c5a2b231282e8f5b2785976edb63746aa74694c8b4903334db6ae
418,MLII/14 LBBBB/214m (14).mat,14 LBBBB,training,214,7fd6e906d0e4f99d05ea7baa8d3dfcb73f7562aa2312f204a7e172d11fe05a18
419,MLII/14 LBBBB/214m (2).mat,14 LBBBB,training,214,3f6e14a0a552aaa3a2a25a3d6582c88d4887788de0a3e591a4a46c2907a6ce23
420,MLII/14 LBBBB/214m (3).mat,14 LBBBB,training,214,c3fb317826be829806e85217eb951832a1a22e25e04d22b3e1830d14928c45fa
421,MLII/14 LBBBB/214m (4).mat,14 LBBBB,validation,214,d9b1518a71c89ea15ae82c626043a01709a891c6ae497ce5528cda3d2e67d332
422,MLII/14 LBBBB/214m (5).mat,14 LBBBB,validation,214,a1a983e9b99e6fe57343debd6e6422707921e855350075963a0806d5e7b585ed
423,MLII/14 LBBBB/214m (6).mat,14 LBBBB,training,214,b85596bd6d6e9181b75e43184be33b1c0c1fa1d5788a4477720f11417008078d
424,MLII/14 LBBBB/214m (7).mat,14 LBBBB,training,214,6d401ccaa4b70c43a70dfc4ffd945666bfa0e0fae236dc8ec2a36bf07905fc17
425,MLII/14 LBBBB/214m (8).mat,14 LBBBB,training,214,13cc6e15651f19210c735b2ee0ca9b339a1c2229c3e27db0ea7bc009871d028c
426,MLII/14 LBBBB/214m (9).mat,14 LBBBB,training,214,dd64428d6439c418343f277e73477795a4b7cd7a0fd82146297c1957499d286b
427,MLII/15 RBBBB/118m (0).mat,15 RBBBB,validation,118,ef39933ea0db9ef08ef8eae653f61d515544c1f0c4f73a426395c67034ace3d6
428,MLII/15 RBBBB/118m (1).mat,15 RBBBB,training,118,46cb64d794c46b882b3fb01deacb4b88363dc1fbc1da716826a1b765c020f96b
429,MLII/15 RBBBB/118m (10).mat,15 RBBBB,training,118,270998493c0ad2910faafd26567c53e92cb8c4a45ccbbc51abb2387a409587f6
430,MLII/15 RBBBB/118m (11).mat,15 RBBBB,training,118,092d4e25afaafb23cf3ba4457367ce84236cb4fc6ed73b6d64b0f104183d8817
431,MLII/15 RBBBB/118m (12).mat,15 RBBBB,training,118,afd14c8ac32aadbd5d8d9dab3751f3153eea60841030a336f33456cd0e9af756
432,MLII/15 RBBBB/118m (13).mat,15 RBBBB,training,118,5e9ceb1c1a877bcc0c8f7241ceaf63131f400f447104eb4a5576138ae19daac1
433,MLII/15 RBBBB/118m (14).mat,15 RBBBB,training,118,fe9cf52904a82da8c40eb1d0e1a9279d6206b4f782fb9dc781f643392e7a5b69
434,MLII/15 RBBBB/118m (15).mat,15 RBBBB,training,118,bfcceabfe6448032a2faeee09c447e896118c66dfda5181689c89a9dadf1a98d
435,MLII/15 RBBBB/118m (16).mat,15 RBBBB,training,118,ee1cb0f31063bdcde42498a1b7153e85590c70c6f70c6c554284d8ddf696c3e5
436,MLII/15 RBBBB/118m (17).mat,15 RBBBB,training,118,a56a1e09e37a935de18704988a88c6240cf53523d154eaa00bb471cec9f4dd38
437,MLII/15 RBBBB/118m (18).mat,15 RBBBB,training,118,bd9ad3bfdff28a8eefc3649ae780589670e1bfa44914b0a74de6572bf80c95ab
438,MLII/15 RBBBB/118m (19).mat,15 RBBBB,training,118,10e4a0cc285a49c05bb60eb215b52e3834a3ebf09545bfbe54a8d96820571e4d
439,MLII/15 RBBBB/118m (2).mat,15 RBBBB,training,118,5b411a7069eccc229b56fd34e798c7c5688b534ff502ad8725336f03e0d1dfcc
440,MLII/15 RBBBB/118m (3).mat,15 RBBBB,training,118,594080ab50ccd2280c4e4a7c20643eb8232306b52ce3947f73c81705037b931c
441,MLII/15 RBBBB/118m (4).mat,15 RBBBB,training,118,eaf8d1f0b68512ce04111b59e8ed1a2a655c16183954fba2241c5009c625aeb2
442,MLII/15 RBBBB/118m (5).mat,15 RBBBB,training,118,594080ab50ccd2280c4e4a7c20643eb8232306b52ce3947f73c81705037b931c
443,MLII/15 RBBBB/118m (6).mat,15 RBBBB,training,118,15c50e4ca96db0ad706b608908b991c4d581265025eb54c86f634789e9b3c8b3
444,MLII/15 RBBBB/118m (7).mat,15 RBBBB,training,118,6ed312c9469cdf559d57c0daf11a34c77f7b34701ef9c62c221a1fddc74d3a0a
445,MLII/15 RBBBB/118m (8).mat,15 RBBBB,training,118,fe240c2d69a18e5ecc8be94fd1da16d04dd3a72a646608a3d6916f81c267979d
446,MLII/15 RBBBB/118m (9).mat,15 RBBBB,training,118,6518ccdd628ff62534b84f767ece72c3d0445d4d4107dd6b6b20b4b48735f82b
447,MLII/15 RBBBB/124m (0).mat,15 RBBBB,training,124,08bdf3c7b682f14f678a9014a65783a9cbceaba9b7cef9a0f9b7a8b8af356db3
448,MLII/15 RBBBB/124m (1).mat,15 RBBBB,training,124,cebb09f1127b1e96f04de122285e660b2630d35b200584efb357a99b6ecdb4dd
449,MLII/15 RBBBB/124m (10).mat,15 RBBBB,training,124,3d2f3acb2c94669f48a56b7a9e9f44bc2001cab1c3a9303525d5801ccdd2e72b
450,MLII/15 RBBBB/124m (11).mat,15 RBBBB,training,124,0703d8e36eec75ae8c994dca51a51d7afc2464bb8f8d2b1f2a28ebfc986962bc
451,MLII/15 RBBBB/124m (12).mat,15 RBBBB,validation,124,76c6b677e162af311ae04ac825241f35d3679d4fc3b35a771cf34f5acff6eb56
452,MLII/15 RBBBB/124m (13).mat,15 RBBBB,training,124,a5a8565bd67fdc0e5bef4f00d1137de2b3447f24b14faca86f87d380bed0dbf7
453,MLII/15 RBBBB/124m (14).mat,15 RBBBB,training,124,ceacf8b24c051c9c8f2ad98186860bd69e3a2b1004ec533054b5a9b2c39366b1
454,MLII/15 RBBBB/124m (2).mat,15 RBBBB,training,124,ad54158cea96a5e4b27714f4aa26bdf3f63f8f2fd995ada864cfde03c96a4502
455,MLII/15 RBBBB/124m (3).mat,15 RBBBB,training,124,0f6e7c32d6ccc0ad8f3350c1a6d9aa97904ed307933683248a5bcf0a47d8c9c0
456,MLII/15 RBBBB/124m (4).mat,15 RBBBB,training,124,ef373b5296253e34cc6ea37a09d5215b4c69ae6fc822542f55765295db9256f5
457,MLII/15 RBBBB/124m (5).mat,15 RBBBB,training,124,45fbc5d4b6cca933828b1fed2d6f13a071dcd9ba4868164fbde6693740d2f0a5
458,MLII/15 RBBBB/124m (6).mat,15 RBBBB,validation,124,0cb7464037e687d30d711ebd26db80d348202b6407026a1056488398ef8a0640
459,MLII/15 RBBBB/124m (7).mat,15 RBBBB,training,124,8fc1a46847906500865fce3d4fede834fea7120dc2f60f5a1f59696c492da778
460,MLII/15 RBBBB/124m (8).mat,15 RBBBB,validation,124,97c34a7abce137af53465b81b73c7471e9eda6287d815717f61fa6e84610168c
461,MLII/15 RBBBB/124m (9).mat,15 RBBBB,training,124,714fcc50dba7ad838262630c43baa284deeddc0d5716485aa9b6fdd7ffcce698
462,MLII/15 RBBBB/212m (0).mat,15 RBBBB,training,212,c881402c2757c3146b09e500c480956c7feff734eff42f8060eb0ba36acff5a9
463,MLII/15 RBBBB/212m (1).mat,15 RBBBB,training,212,6d2e40243b3017935a5a42d82ee68e554ea1a465dbce0b1db65cefe31fcaac36
464,MLII/15 RBBBB/212m (10).mat,15 RBBBB,training,212,3ee523d55e42ccd6aced918916dffb597cf97e5a7f9aa872998762a11ab1d775
465,MLII/15 RBBBB/212m (11).mat,15 RBBBB,training,212,348919abb67acb11f0ece56717b7d1f8ec52f7d833687da1e03b7fa778478155
466,MLII/15 RBBBB/212m (12).mat,15 RBBBB,validation,212,531c16ca5c465b83a3c87a2ea4a359c039dbe372313f55a618948ee30f68d8d7
467,MLII/15 RBBBB/212m (13).mat,15 RBBBB,training,212,9ea7b8cede4259ceceb428625f04bab75dd181d4b721c104de85a7467bacf102
468,MLII/15 RBBBB/212m (14).mat,15 RBBBB,training,212,623fa2a091e9a5855f021324c4ee1bfd915213234343f64199a5bcabc1609054
469,MLII/15 RBBBB/212m (15).mat,15 RBBBB,training,212,d70b0776db957f48b0153fb66aabde12cf2c1fa991693ddb6ba891cd23980203
470,MLII/15 RBBBB/212m (16).mat,15 RBBBB,training,212,cc0e905990e503e1c10353d38b969c8d74cb30f6c1335d61d75a9832cb2f190a
471,MLII/15 RBBBB/212m (17).mat,15 RBBBB,validation,212,f4b2ce196a39344a078765f8c3564383731c88df43889dcbe4228d6971cd7732
472,MLII/15 RBBBB/212m (18).mat,15 RBBBB,training,212,df05daab64b5709075951df97aa0d89c36ba26ca5e6295e6c103ac0d14bb1ab6
473,MLII/15 RBBBB/212m (19).mat,15 RBBBB,validation,212,149f9c693b7ef155adc3d0ab10ba2712ad2874c047b25fb6f808c0100da3ef15
474,MLII/15 RBBBB/212m (2).mat,15 RBBBB,validation,212,7913635f68c600b9469ab413b5e4d56f7272fa29a7d27635b26fa5a44fb2d459
475,MLII/15 RBBBB/212m (20).mat,15 RBBBB,training,212,9181674dcc6bca38460f1e922a4b39dfba135f531a5a800ae8a0f3986b1e07aa
476,MLII/15 RBBBB/212m (21).mat,15 RBBBB,training,212,e18171c3af21aa698a654e6abafe4a9d74b22739c95dc49dfb784d9b592793cd
477,MLII/15 RBBBB/212m (22).mat,15 RBBBB,training,212,cf71ba1c2f7509e0a5841ebbefba74e99338fc5ccbe61a7ae7dcecd7c3a0ff41
478,MLII/15 RBBBB/212m (23).mat,15 RBBBB,training,212,c4bfdea539843b7581e4bcf5bb3545765187a0edda07e3a3c1c25b848bc50acc
479,MLII/15 RBBBB/212m (24).mat,15 RBBBB,training,212,375710ad220e1274310b2a87f28328f0e6a04bc966bb341f21d48df092e63ad1
480,MLII/15 RBBBB/212m (25).mat,15 RBBBB,validation,212,1327a72db57ac2d21213f6168ce1dd94e2b85bd3e1d077b3fe53f89ded31e77a
481,MLII/15 RBBBB/212m (26).mat,15 RBBBB,training,212,e710e0851473e6ed4881600e9b1b95c2c1638cec15e0cc3896a2d2cd90b5b6df
482,MLII/15 RBBBB/212m (3).mat,15 RBBBB,training,212,629482362bdf7ef4a8372e3dfc4b25d763faaf59c924c456206e110f1d2445e6
483,MLII/15 RBBBB/212m (4).mat,15 RBBBB,training,212,5e22d27e4583d5cbce49a0b8f2da54efd7dc52c6dbfab3e70d5ce22a2063bd6b
484,MLII/15 RBBBB/212m (5).mat,15 RBBBB,validation,212,94dfd8554a5c155a7c221f29952a170a1587c6eb68d49313a17758eaf28a2c94
485,MLII/15 RBBBB/212m (6).mat,15 RBBBB,training,212,b72973fc716dd46e57692245a2adba0907a12331993eae1e249ef51f14816b35
486,MLII/15 RBBBB/212m (7).mat,15 RBBBB,validation,212,b722616bc3f158e979f403c39ba5af1ef57214c073c1c3e895885e431b3440e8
487,MLII/15 RBBBB/212m (8).mat,15 RBBBB,training,212,5d29fae630b3fb209f67c045ee4e25d6c73900eca25bd0aaf6307a29f7ebb663
488,MLII/15 RBBBB/212m (9).mat,15 RBBBB,validation,212,51808f056cbcce1dcaad79be86b09a5f4517d8a37472cf2900b834c6e21f49f1
489,MLII/16 SDHB/231m (0).mat,16 SDHB,validation,231,7f6e50221a7c50397f1533e32396145a86182ab8d05b3c79d7d33dc3ba102f40
490,MLII/16 SDHB/231m (1).mat,16 SDHB,training,231,9ea58104b1f26770f42db396a80fec8a22f5971c4ffa9ba265ce318bf5275a30
491,MLII/16 SDHB/231m (2).mat,16 SDHB,training,231,b2c7b31fb9b61d147068a58a5e23bc066761c63749c2ff987a74f0e8422e03b6
492,MLII/16 SDHB/231m (3).mat,16 SDHB,training,231,f7738f196a365bb03a532633bb2f82960c454901e634803c7019c9113d75f1a4
493,MLII/16 SDHB/231m (4).mat,16 SDHB,training,231,b279660802a5e4f4c5b1c4bf5b117da48bd9a1b873081457bebbd91dc8c9ca4b
494,MLII/16 SDHB/231m (5).mat,16 SDHB,training,231,8dbfda833fdf4909f184acd1402c425104e4c9f05d07c9233ca98df4461b0455
495,MLII/16 SDHB/231m (6).mat,16 SDHB,training,231,dc122e977aeed11b8e54bb22cfed88fe0141a4101d7579fbcede0eac1685b345
496,MLII/16 SDHB/231m (7).mat,16 SDHB,training,231,5b0e13bf6bc7cf4d6df2b6ec88a5b3506fe9fbecbd80e43723b09063f1112e3b
497,MLII/16 SDHB/231m (8).mat,16 SDHB,training,231,0807dad66f1319ee263b2c58551bc2a518a79437ed26e0420e75442f72ef2aad
498,MLII/16 SDHB/231m (9).mat,16 SDHB,validation,231,d4adb31d626feb0e18346c7f125289a46bf5b2f68584beb86dc2428aec653286
499,MLII/17 PR/107m (0).mat,17 PR,training,107,84d81541e7c26ff3016b968745bb935a74dc095c06cc0ef6e7976f95b143ade7
500,MLII/17 PR/107m (1).mat,17 PR,validation,107,607009c94ca2d6431ca5acd47575a798ab99fdf7af49158336abd0670c48106f
501,MLII/17 PR/107m (10).mat,17 PR,training,107,711391c87e33d79c6e226fdae9c77033c49d41f835a37c878506a2aa24f02c47
502,MLII/17 PR/107m (11).mat,17 PR,training,107,27b5dd58c48543ca0a3a7d5d05130064cb036083e891c58160a2ddc9e70ff6c3
503,MLII/17 PR/107m (12).mat,17 PR,training,107,b2707b37e30c931e0456307c700bb745c32ddd8370bea7bd22a3211d618f830c
504,MLII/17 PR/107m (13).mat,17 PR,training,107,d0408ef35ed7d3dd49d131ed4a6aa8a7ca1d2ed5a9ece9f1691d1d2cd95cb458
505,MLII/17 PR/107m (14).mat,17 PR,training,107,77cf800d1e03fa8dc6e96d6492e0272f9c99453d11938a30a967fed570b20e52
506,MLII/17 PR/107m (15).mat,17 PR,training,107,a5f8add9b89a59591c540ad2b0b523524a9051d29551f92ce21670f6f1e65274
507,MLII/17 PR/107m (16).mat,17 PR,training,107,82adb1ea3bb2716ec061061c14a42ec970a6776360918db9c56ecc38d3386e73
508,MLII/17 PR/107m (17).mat,17 PR,validation,107,97f148c2fbedb81fb7ef3d5e4e5a26aac1c1ef7929678d9285ef6bb8d5f06c6b
509,MLII/17 PR/107m (18).mat,17 PR,training,107,748065e9ebea74df101be0c457dc59d0c739d7ebfe438389639de46ef88f69d1
510,MLII/17 PR/107m (19).mat,17 PR,validation,107,c58c957482c63d5df7cd14068132d2c10a0994d0a18dea008c07c3c96ce51bdc
511,MLII/17 PR/107m (2).mat,17 PR,validation,107,42225d30dd143a1d5f7b1ce350a894a0e601c740dfff3aac3d49abd2a0cd3101
512,MLII/17 PR/107m (20).mat,17 PR,training,107,d51cec3125596bbfe8f707bbf37444a6b24cc7b5413fc3fd1ad33cd08fd21e7b
513,MLII/17 PR/107m (21).mat,17 PR,training,107,c44c53a03266acd76c2630f0226d08ecfe5db26f10e665eecc474184d8ff9af6
514,MLII/17 PR/107m (22).mat,17 PR,training,107,0ae4a57c8624a1d09cbdb62b3af404fd8e1436695cc571f96289a85c488c9b0e
515,MLII/17 PR/107m (23).mat,17 PR,training,107,a6a6c5a02ae4a8ede20cbf4fe1d4b5ae9e2cfc39caaab33990a324ea9291db30
516,MLII/17 PR/107m (24).mat,17 PR,training,107,42c773c1458e13f1910d8ae80481c2fec30dba17fc0144aa170aa71db70d6467
517,MLII/17 PR/107m (25).mat,17 PR,training,107,afc67da6ea83bf0f1b12dcfbd5c999369ad212156f67a5fc16b56b8731ab01db
518,MLII/17 PR/107m (26).mat,17 PR,training,107,9273c804d9f26c4380287afadfd3c6770a41578815158af8865e08d87bd83f13
519,MLII/17 PR/107m (27).mat,17 PR,training,107,35064f4587231561030b645941397f7e4796f937c9c2bb07c55aa49da091dfad
520,MLII/17 PR/107m (28).mat,17 PR,training,107,eb616ce8b2ec9f9e349ef08bb763e9440d20f4ece7ec035bd67aacce3b98dd1f
521,MLII/17 PR/107m (29).mat,17 PR,training,107,80fb6233ff6be09e8690d25ff758133416deae5d819c75ad3ab4d6ea747bd52f
522,MLII/17 PR/107m (3).mat,17 PR,training,107,20d2649e860af7a88ffec340ad5e097e192113af2458d7d4bba1573f4018b9fc
523,MLII/17 PR/107m (4).mat,17 PR,training,107,b88765a7025adf6f13bd2ff56cb791ffc37c445ee57360fc768146656ddd4b76
524,MLII/17 PR/107m (5).mat,17 PR,training,107,7a4db4e7cb7f80ae320434cff2e205fb32197735c5be574e782b4aa62426c0ee
525,MLII/17 PR/107m (6).mat,17 PR,training,107,352d0a9e7a5d67e9c122486e0822294597c956794cd72f03ac1a5ab489ae17b1
526,MLII/17 PR/107m (7).mat,17 PR,training,107,029bca6ede6e98e7e9a3a024c4febaa34d6d802052f741e86a16bed823271079
527,MLII/17 PR/107m (8).mat,17 PR,validation,107,613f7deb7dec5d4547f82ecfc883c70f3469f8c27e29944e32c37caca9546ab6
528,MLII/17 PR/107m (9).mat,17 PR,training,107,6c5b04a743a2e0c04e18b226f85463b1df1f1542a090e7c77d3aa9d45c59e68d
529,MLII/17 PR/217m (0).mat,17 PR,validation,217,42f21f5927dd65ff2fd97ab21ceb19be47ffcd4c8308665ccd220a804f704168
530,MLII/17 PR/217m (1).mat,17 PR,training,217,72e1920fdf0baffcc0aa2eef1e7e8ad0e9fe81efcbe7f1187252cbf56cc40636
531,MLII/17 PR/217m (10).mat,17 PR,validation,217,c8995b1e90bb0ee57999b102bb2720608af2f8dc9516c50d45e220c98ab850c3
532,MLII/17 PR/217m (11).mat,17 PR,training,217,d873f7e832bb8335779bdf84f3e6a260740b255ee40b537677c45e6dd7af368e
533,MLII/17 PR/217m (12).mat,17 PR,validation,217,404af8556b35b46b0197649dd16f1d09bbd27d55d01a65f61b3bd17d78e76148
534,MLII/17 PR/217m (13).mat,17 PR,training,217,83927f02601f4a9a33ec9ddd3bb2c193c1e25e3009217c2c1f455068f5282a5c
535,MLII/17 PR/217m (14).mat,17 PR,training,217,c8089bb783602a91be44ae821f594c8c4bd5ddc00d4cbb4e8b1976584701d83d
536,MLII/17 PR/217m (2).mat,17 PR,training,217,fbcf3ce7d84c161f3995d29c9f018eb60cb9c4a3ee5521b111c06338df078c1b
537,MLII/17 PR/217m (3).mat,17 PR,training,217,b9127ead06589f2f6730e1c4c42b09bcf6d6da27359f25a3f13cbfbe0550dbdb
538,MLII/17 PR/217m (4).mat,17 PR,validation,217,299459fe0f448ccf88600dc867155afe4ce364a26130c2d4006223b1f1e07ad9
539,MLII/17 PR/217m (5).mat,17 PR,training,217,0bfc8112b31514105646841c0780949c6076fddc629b127bbc67424aeb98d016
540,MLII/17 PR/217m (6).mat,17 PR,training,217,6c3a51908a2d9fc930d7e81cf208f1cdb7ba0b7a0444a4cac3154f6c497b3364
541,MLII/17 PR/217m (7).mat,17 PR,training,217,a328c0c478026edc9d3872756a1a9ce408397fe96f459df20ed247499f112f5d
542,MLII/17 PR/217m (8).mat,17 PR,training,217,1d79451a7d0711b1792696138c524e06b1c87b30f91ad86f0684814dc8973ad0
543,MLII/17 PR/217m (9).mat,17 PR,training,217,35cb1174fdffb59bfa71b7513ef8db7fee5f6175715fafd1a331c01ec9334fad
544,MLII/2 APB/100m (0).mat,2 APB,training,100,cb18afe2860322ecd12a8d174e88003e20740ba260c174acb02b235ebab7a223
545,MLII/2 APB/100m (1).mat,2 APB,training,100,58b3fe4590d043274db97ceeafa088ff624706cd671d3eb5c50a2b68b9c6f284
546,MLII/2 APB/100m (2).mat,2 APB,training,100,e3483c0800f55b9d9d2400f6de44f5aa3bda8c4e544d315aec08e6561aea25e7
547,MLII/2 APB/100m (3).mat,2 APB,training,100,497ddb4bff3abcb11c91fcedf37591f1185c6abc91c9f910f8fd0e470e3347cd
548,MLII/2 APB/100m (4).mat,2 APB,training,100,f6f41139a712186d298b9805f13fe43052ebfc5158f8b6b4047d4bb3c88a8810
549,MLII/2 APB/101m (0).mat,2 APB,training,101,241ad9e33d23a36898ee460f997aa529391f984e626191f0869512543cbe2d53
550,MLII/2 APB/101m (1).mat,2 APB,training,101,876f4b2a49187c238f301f98f50c2c96784dcd3fa13addfa6b07140e488f01c5
551,MLII/2 APB/103m (0).mat,2 APB,training,103,8bfc9f4143cc0cffbbd11f5b0b79004173106e877ab327f84ad1be152a54d499
552,MLII/2 APB/112m (0).mat,2 APB,training,112,523af4e05c576560e110bc761b0c5fd46823d789313a3d5a00edf0aaa26f18bf
553,MLII/2 APB/112m (1).mat,2 APB,training,112,41a93969ed9c2714b4b5b19226092717d649347b4d50bf657365bf74536065cb
554,MLII/2 APB/114m (0).mat,2 APB,training,114,2063fcd189258265158a250976007e26a37618fa384d7f9fd91ca2a08ca2b001
555,MLII/2 APB/114m (1).mat,2 APB,training,114,82dc09803ce6d3c773c18b8bbdf787e3333b265f19fd9d585738b65235379fb7
556,MLII/2 APB/114m (2).mat,2 APB,validation,114,f487bb1730774a980ac939c5a62040efe11c90d99629d766b5e7e1e7952a6d39
557,MLII/2 APB/114m (3).mat,2 APB,training,114,b448e238328a5374b920edb0107636d7e7b93f2af33cbee15ebf2a97ffedf146
558,MLII/2 APB/202m (0).mat,2 APB,training,202,1104befcd554bc957230d60cecf2b179dec7147d909f3352df0d93604fd14785
559,MLII/2 APB/202m (1).mat,2 APB,training,202,e0d8ffb57e3c52bad4012a0332b8e572d0cc8e10daf256e9af71dad72b9d81cb
560,MLII/2 APB/202m (2).mat,2 APB,validation,202,b211aea4a422bcf2f1c9bc1fb4e927fdc2e26d11a8017228edc0624d0ac49641
561,MLII/2 APB/202m (3).mat,2 APB,training,202,aa781411664fc958c5d0b86ea76c2c492ea78595f6733a138b4798866529296b
562,MLII/2 APB/202m (4).mat,2 APB,training,202,8c7025125649a59127ddaa22a4a9d1097066c291f419f6991538dd5ddc815f83
563,MLII/2 APB/209m (0).mat,2 APB,validation,209,ba8a2046199261cf9fb962d3f71755ef9371b23c1e4fca5de50d3769adc53335
564,MLII/2 APB/209m (1).mat,2 APB,training,209,380bf9ac1b142323f66e91816b009da37e7c11c0a4dde7093ed80465df09ccc0
565,MLII/2 APB/209m (10).mat,2 APB,validation,209,f9fe7fa3abe8d21b7eda28f9b66a9eef094fe163452df08d00192cf95971da93
566,MLII/2 APB/209m (11).mat,2 APB,validation,209,2bd3afdb61542022d109c0ddee5a55dd41f6debf8b1e71e8760491261f0f5600
567,MLII/2 APB/209m (12).mat,2 APB,training,209,827f8a307a93cd4e9d16bc0427b35a02195781cb49faa8b4a54ab4a9f79bc034
568,MLII/2 APB/209m (13).mat,2 APB,validation,209,49755539e3482e22f6c85f56b310d5d9e0a8edd964cfa3f69392166cf67fef08
569,MLII/2 APB/209m (14).mat,2 APB,training,209,c0e7a1a15c27dafabbd417dd568c824116685ad80aa2003ca1d5cea48b8c3411
570,MLII/2 APB/209m (15).mat,2 APB,training,209,27655148b4c3ee2819423dbb711137822fde07dc7be00302d3908d6040639f4f
571,MLII/2 APB/209m (16).mat,2 APB,training,209,b197887f7b51fd1d90ac5ec3e9dd099964332c112638d95301a6765272b57b43
572,MLII/2 APB/209m (17).mat,2 APB,training,209,bb258cb4046a2c41b03cf58de6d4d14139023b22f1f06c941aba900ba9769090
573,MLII/2 APB/209m (18).mat,2 APB,validation,209,72b4be1da205e158ef0a0d0e580668074bf352326cb1a7f4cc7198ecee0ab4b7
574,MLII/2 APB/209m (19).mat,2 APB,training,209,48789de8c6e1a7e2e73199d73921d9dc079c15f1921963907abcf67bbe53aa7c
575,MLII/2 APB/209m (2).mat,2 APB,training,209,710b15ca69f9cea8db2b1f4f33ade621f74be769334113d34632081310f811c8
576,MLII/2 APB/209m (20).mat,2 APB,training,209,c2764dba9d8384b88845193de0a28c491e772ae249a436daed29f8497d89ca13
577,MLII/2 APB/209m (21).mat,2 APB,training,209,72b4be1da205e158ef0a0d0e580668074bf352326cb1a7f4cc7198ecee0ab4b7
578,MLII/2 APB/209m (22).mat,2 APB,validation,209,2dad9f99f5b05b4856d145062a2219868213a31a1c773cfaa200ae5ad910c43a
579,MLII/2 APB/209m (23).mat,2 APB,training,209,788cc949e6b36b01330fd89ffec983024ba9dd7eb2b81e6b4cea46a08a3e1148
580,MLII/2 APB/209m (24).mat,2 APB,training,209,158ae0cc995d3edbd81f249fd9cc549d3c9d3fda009b6d69b79bb225bb44484d
581,MLII/2 APB/209m (25).mat,2 APB,training,209,2619f0fb8ae9dcba5245aad4577b7f64c1e40ba4872ca678e88b51801714d69d
582,MLII/2 APB/209m (26).mat,2 APB,training,209,080fd72f02398af38dd71884f2e17b5b3f5d810fafe181afad9f75e115dec3b8
583,MLII/2 APB/209m (27).mat,2 APB,training,209,a075c0736f110356c108fa2c55e068c696013ae442b445a23f44a5d3f6b513cd
584,MLII/2 APB/209m (28).mat,2 APB,validation,209,3912f4d0098510dd707d4aab8b99dd2abc13f790e7129d1dfb0b0f74415c6fec
585,MLII/2 APB/209m (29).mat,2 APB,training,209,3912f4d0098510dd707d4aab8b99dd2abc13f790e7129d1dfb0b0f74415c6fec
586,MLII/2 APB/209m (3).mat,2 APB,training,209,f1bc260411fc13aae6490d04db71276731e171de5ad6582b82a37b5abd1a3d4f
587,MLII/2 APB/209m (30).mat,2 APB,training,209,ffaa4f8e653289f4cabddc57d525497edbad704447db802e652bb5acec42a3b9
588,MLII/2 APB/209m (31).mat,2 APB,training,209,4d4aeed583d86cacdb908c443386c3efab7e7ca8d9b0c854323bd0a04e18eb61
589,MLII/2 APB/209m (32).mat,2 APB,training,209,905851ec6572621b5057368e1779725935c05c6a258ff6e07d547a98aebd0f74
590,MLII/2 APB/209m (33).mat,2 APB,training,209,30b4796cadd64760ac2e158aee3b7039cf6eb790949932287bfeb92aa54b02c0
591,MLII/2 APB/209m (34).mat,2 APB,validation,209,13a51672df21ea3804bd7fe3c1fc3f260fb0dfd53c83ab3dd60afdeb832fcbe0
592,MLII/2 APB/209m (4).mat,2 APB,validation,209,31b7537203d95e4edc46f28857d23b52a98d1eb6cda77fc3b14fb6962ae59c77
593,MLII/2 APB/209m (5).mat,2 APB,training,209,a13a7bf049f655a3a76d6a1b5d9cc9fed4b798a4e3690dbee1bd3ef1e5fd5c84
594,MLII/2 APB/209m (6).mat,2 APB,training,209,ea2c0c8acf890d70556afc37a1cad5781d5f3fbe93e19f9be1f960e122b08cec
595,MLII/2 APB/209m (7).mat,2 APB,training,209,b24d9979ad5b6954cf6995644a4cd6a61da0e2d48fe33ba9e4847e904054b6aa
596,MLII/2 APB/209m (8).mat,2 APB,training,209,f09f71b36e813ba82acc6f3472ef13875318707579d8624a7ffaf92bd3db9767
597,MLII/2 APB/209m (9).mat,2 APB,training,209,8601ec6f95ea76c04df8aa5b8683e72247a912720654cd303cfe3de1df781f7d
598,MLII/2 APB/213m (0).mat,2 APB,training,213,b17f495dd371b2160d3aa7a8418fddc30185dd2d07877c6eccd13cd1a08fb2b0
599,MLII/2 APB/213m (1).mat,2 APB,training,213,d116a96a2415a782f5e24012048169ebcb0bfd65a2d3cc9f4b12e14a9f3b50c0
600,MLII/2 APB/213m (2).mat,2 APB,training,213,48ce823b7e1e420a867fe082cd89b54910b4368589dd03f472af086e4fe6efc0
601,MLII/2 APB/213m (3).mat,2 APB,training,213,77c244ee30658db355aec6e300597be9653ba287e534b20c3f5e98ef7199ffda
602,MLII/2 APB/220m (0).mat,2 APB,training,220,64041907fcabe2d6a338bb11851689ee9ef8efbff3e17f332131d4ba723a6910
603,MLII/2 APB/220m (1).mat,2 APB,training,220,dd8fa395ec22b0005a23709e8df4be1971e26df42fa3591c74feab71823bd4b1
604,MLII/2 APB/220m (2).mat,2 APB,training,220,54dc334defb7534576df9cbfda8e8efb27850def8aafc3cb737a5b194fe391a0
605,MLII/2 APB/220m (3).mat,2 APB,training,220,5221ab8dbec8da5bd8c7943424ed900098c027f8d79a1043aacd8da364f665b9
606,MLII/2 APB/220m (4).mat,2 APB,training,220,539cb893dfda5551f23c11d13deb7382d7f025f6afdadad045d22aff2f9799b1
607,MLII/2 APB/220m (5).mat,2 APB,validation,220,681a03204dd1ced9fbd6032d2f25b6203e430a2a042f0ce4d657985148ffe32e
608,MLII/2 APB/220m (6).mat,2 APB,training,220,282dd54588742586b988e4f2f0a2e5f1f70cac7e8af312686ccb83239e426a9e
609,MLII/2 APB/220m (7).mat,2 APB,validation,220,1a0fc862431e31f775e66fb14170bb0033113398bbfbb9d7ef57bb3c9f31e788
610,MLII/3 AFL/202m (0).mat,3 AFL,training,202,873985803b84f0a68dbd6e434e31e14487ac6b8be64b8107347a60aaf4470a82
611,MLII/3 AFL/202m (1).mat,3 AFL,training,202,4918d5fe66e4e299980a136155900b621b25e3d79a6712bf00a58566c5c6afab
612,MLII/3 AFL/202m (2).mat,3 AFL,training,202,908c6038433b32f53d92b0f2924355a326220900b18e4e7ea23e60b6a97bc4ad
613,MLII/3 AFL/202m (3).mat,3 AFL,training,202,f8ae303641dd1089f1522740a6a4f2bf16920cd9fe5400f38e4228828494d900
614,MLII/3 AFL/203m (0).mat,3 AFL,training,203,681cd95de130e63e39a2edf8b07c9ae9c22587ee3dcbbd6d1ee21037287dd8e0
615,MLII/3 AFL/203m (1).mat,3 AFL,validation,203,cccd4a30586cd2aeba60037c656f61efce2b4e858627be84c6cdf0db47024ce6
616,MLII/3 AFL/203m (2).mat,3 AFL,training,203,57e27cac2a42eb4506eccf9c097b19bfd73f8e1f8472c65192a6f7b908ad8578
617,MLII/3 AFL/222m (0).mat,3 AFL,validation,222,037296253edb21158bfa0d05f4072675f18d8f90daaf03bfc220aad75ed4d453
618,MLII/3 AFL/222m (1).mat,3 AFL,training,222,06c9c4eaf171c14e8cf3c980baee0c13b3ec4a1eb02a039b186c9482afb90f92
619,MLII/3 AFL/222m (10).mat,3 AFL,training,222,132017df4cffde9563d9ec532316de04b9198303caf4d63a5abe80b7b8dc1085
620,MLII/3 AFL/222m (11).mat,3 AFL,training,222,0e477f5fb8f135fbe5c7677f7d1ae47c0ab36c82535a500c72366f637ea7385f
621,MLII/3 AFL/222m (12).mat,3 AFL,training,222,afb37a9dd249c743ae8e9f38da9258bcb4fedeb536cb906bf3c8722555d52768
622,MLII/3 AFL/222m (2).mat,3 AFL,training,222,7ead421b4e6e4b43b6e66e61131ff25681e68091e5b8240c2ce631609b553924
623,MLII/3 AFL/222m (3).mat,3 AFL,training,222,c0b532263f3fcca991825f2a8a8e9961276a5bd546f5bab033c1a33fdc11e5ef
624,MLII/3 AFL/222m (4).mat,3 AFL,training,222,7486f1fa4f7251ac8b3f44f82d60992bd66745826aa45f58bc34f266df1f9bdd
625,MLII/3 AFL/222m (5).mat,3 AFL,validation,222,a0e878a7075113e3131a20b5293f7d17bf6d083d9d982b6e85c32f0fc40851b0
626,MLII/3 AFL/222m (6).mat,3 AFL,training,222,b5bdcdbe9741e0373cfa321f406b1651a9022a1fd192af702759e6ddf57c8bdb
627,MLII/3 AFL/222m (7).mat,3 AFL,training,222,49ef89c84bf9ac3c7c13be631e841293783b71914efc253fba5debc83c35f711
628,MLII/3 AFL/222m (8).mat,3 AFL,validation,222,e8b5960755e824b2c5422d8f9f119f592ddda78aeb43f8dcf826de8ced7f835d
629,MLII/3 AFL/222m (9).mat,3 AFL,training,222,72f6512a08bb53d2f260df6f938f5cd4a65c06097fa3d200442f6cfd5bf3fc77
630,MLII/4 AFIB/201m (0).mat,4 AFIB,validation,201,43304f58e7970a24fe384d379509597cec4a917940d6e772ba9780bfab8986f4
631,MLII/4 AFIB/201m (1).mat,4 AFIB,training,201,79040c2372a0cb188ba09366cfcc84c3ab84bc682e2d84ccd6d48cc705436f92
632,MLII/4 AFIB/201m (10).mat,4 AFIB,validation,201,a301beb9988a7ca11363b030b58a8b5998dfd73028d79af43a242ab720bc4c9f
633,MLII/4 AFIB/201m (11).mat,4 AFIB,training,201,3fb802010d9fcd29bb083e270ae53f0150f1522234519b553d62b9f6a7e96f1f
634,MLII/4 AFIB/201m (12).mat,4 AFIB,training,201,a7e2af5c0c4648b6b9e14c62ddabd2a2f350b2091c6f6df7f8594de539f80cbd
635,MLII/4 AFIB/201m (13).mat,4 AFIB,validation,201,8a48fe7403bb882f66d1bc932e682d2eaae7093ed6c5514d3a3d68f0e37d953c
636,MLII/4 AFIB/201m (2).mat,4 AFIB,training,201,63680653c0df12045d049bdb09ca98437e85685110bf26344460455b4ab89f32
637,MLII/4 AFIB/201m (3).mat,4 AFIB,training,201,089a80e51f13f05a4b733eae6f24ae02fdc0913c45dd9e88579dc65269ebcc16
638,MLII/4 AFIB/201m (4).mat,4 AFIB,training,201,69af5bea9ab284e0cf40da666efdc4a17679de1f7a88ab4242596b3b03f3a556
639,MLII/4 AFIB/201m (5).mat,4 AFIB,training,201,2631a9e28bb5fa73029ab4e6c472a4a5a48584a9cba8e0dbbf57587fa077ab85
640,MLII/4 AFIB/201m (6).mat,4 AFIB,training,201,d86ca89ab55d70cc268b78fe316ece92696dd96e60a5fee5e562324b74f913e5
641,MLII/4 AFIB/201m (7).mat,4 AFIB,training,201,0b313938f1e6d7e4f7562c3ee698d36d0bfa77425822e5cd516d1a9c5aeaabe8
642,MLII/4 AFIB/201m (8).mat,4 AFIB,training,201,bb6e049603736b58c87f5ade5dffd5482330ea3f356e62509ca3848d6fb5d81b
643,MLII/4 AFIB/201m (9).mat,4 AFIB,training,201,5176bd21ae34811fc172b2e9cac54e105d859141aaa64a1dbda89c36d0b3995f
644,MLII/4 AFIB/202m (0).mat,4 AFIB,training,202,33d2beea5b29580e8cf1279ece8791a9aac3c49ed6c427cf80c802f32fe9994d
645,MLII/4 AFIB/202m (1).mat,4 AFIB,training,202,f6b9551fdb89d1ff4fa1186afc2079eb626d297662673f1c59b0b4e63fb49a39
646,MLII/4 AFIB/202m (10).mat,4 AFIB,training,202,341fa96f9d779c1d17e81f1a1ccdc1fee20f3a577419b16142bce975d97e6c9c
647,MLII/4 AFIB/202m (11).mat,4 AFIB,training,202,176e9edd78eb318df3c275225ff7baf1019db0e19acfd0bf0caa1ba11f790cb1
648,MLII/4 AFIB/202m (12).mat,4 AFIB,validation,202,2154d521b3e751b893b8c5f9d5b875f55f95c4373ad3eff4b8a7b2381974d189
649,MLII/4 AFIB/202m (13).mat,4 AFIB,validation,202,dd396ce43ed0832468aa71b4419f9a042301ab3355f0cee119db1d7384bfb4c7
650,MLII/4 AFIB/202m (14).mat,4 AFIB,training,202,4a799ff7c1fd2dab71a8311f95eff5f5429a6ad80e52d5e63e1270a3dce5be76
651,MLII/4 AFIB/202m (15).mat,4 AFIB,training,202,02f3963cace794537a9d0940792c405099f6169e36db05c7c026df53f74a6c4b
652,MLII/4 AFIB/202m (16).mat,4 AFIB,training,202,6077a775da640f037c26299993e34ba434800d95db0ca7143ca10abf47f41b01
653,MLII/4 AFIB/202m (17).mat,4 AFIB,training,202,344d34267ebd15f9df05960ad8acaef7145c72e92aa69db981baa9f90fc33ca4
654,MLII/4 AFIB/202m (18).mat,4 AFIB,validation,202,4c49bf64c28dc4b4112bd089702781c28c5b79f4326e316ba6b199ca649ab43f
655,MLII/4 AFIB/202m (19).mat,4 AFIB,training,202,6b6a0fa2c133cbab1660eace1300bdcb0ed78c2f6f8b3b91e4819de2ac616c93
656,MLII/4 AFIB/202m (2).mat,4 AFIB,training,202,6c88ddf100546e916a935402bc37036d5076f7dae71db12a4e76b560a79c1b77
657,MLII/4 AFIB/202m (20).mat,4 AFIB,training,202,3931edf2eac0beb6818193219ab55b5ff96ea6bbc3fbad76eeed21123dd35bc4
658,MLII/4 AFIB/202m (21).mat,4 AFIB,training,202,d14829b2d6f55d0c24b0a2a9577e23fc796f7d9cbe9c9761fcff2287b9371604
659,MLII/4 AFIB/202m (22).mat,4 AFIB,training,202,6831c5fee579e9f72b8a877de3de4c326993e4cede36be79c3569d6703b30bee
660,MLII/4 AFIB/202m (23).mat,4 AFIB,training,202,aaf06710db0320980bd4001da4ffedf3c407b5f54b5264837d2cef9da7fd9d42
661,MLII/4 AFIB/202m (24).mat,4 AFIB,training,202,fe000031bc38cf636c42f0775594a31598dc7e19563a6e3748b565652c73b145
662,MLII/4 AFIB/202m (25).mat,4 AFIB,validation,202,876d4df5e5f31abf54f509024bb34ce3e879c4d160eda4169e6920454b386472
663,MLII/4 AFIB/202m (26).mat,4 AFIB,training,202,0a2aef7b8e1ef69fbe2eebece3d21e79df67f6c78c9280e3d601b1b5a733a55d
664,MLII/4 AFIB/202m (27).mat,4 AFIB,training,202,b9cfd0e5d244a63cff1b36fdafb32836937c0931d991c8bb1d23223a3d4c7e5a
665,MLII/4 AFIB/202m (28).mat,4 AFIB,training,202,931d37af1044c6a828d656aa7971d01763af97c99d0bfc2e721af50c83b12a87
666,MLII/4 AFIB/202m (29).mat,4 AFIB,training,202,91391cbb88e0ef91a27c639c01430623e75f334befb1e4b00080158f1ca911f4
667,MLII/4 AFIB/202m (3).mat,4 AFIB,validation,202,6b39c33a734fb05df080a8e4207441d45c6a709be2e3b3bef707ba78b556e791
668,MLII/4 AFIB/202m (30).mat,4 AFIB,validation,202,60d1e65b5ea3c2937030746a33ecf880979167898aa6189e56a6721b7a8d9882
669,MLII/4 AFIB/202m (31).mat,4 AFIB,training,202,9a8ee25842ab432662a229d7dcd02db28009e1a3f729738627ccc7e4153b72bb
670,MLII/4 AFIB/202m (32).mat,4 AFIB,training,202,5aa76f535b3cf5f43f0543e61a64ee2eac577e949de3e9b225dc2f00685e3495
671,MLII/4 AFIB/202m (33).mat,4 AFIB,training,202,1fec2b0f99a7f8e7768ab5ac1eef9aab17fc40e1a5b5741efe37cccda3ba05c0
672,MLII/4 AFIB/202m (34).mat,4 AFIB,training,202,a92f4710d9332dda113de93006321e36926c322d304d6875726dc5ea7dfa641b
673,MLII/4 AFIB/202m (35).mat,4 AFIB,validation,202,03201c55c9df8e706f0fbfe9622d5ff8fdf2674be9d4af8d2e16d7efdb28e3db
674,MLII/4 AFIB/202m (36).mat,4 AFIB,training,202,588e243af40ebbbe29d5345a9544422bda343a5ffb4e2144c7126c71d75dcd44
675,MLII/4 AFIB/202m (37).mat,4 AFIB,training,202,d0eac479008bc44221e678e7b1b37eadf277c5ed200efb0f48d61dbd9980ace9
676,MLII/4 AFIB/202m (38).mat,4 AFIB,training,202,bb64e57b9b91d5cd6870655162c57de236ad68d7ba2a00f47f42b48589cd7262
677,MLII/4 AFIB/202m (39).mat,4 AFIB,training,202,6a90cb78a1963b3f83a6e06837ea535640f1f7f45fe27440b1baebbd7f78bfd9
678,MLII/4 AFIB/202m (4).mat,4 AFIB,training,202,20cc5c78c8a79cff671ab8d3c01fc6c54e64b57178a729fafc2907034b9b4a67
679,MLII/4 AFIB/202m (40).mat,4 AFIB,training,202,23f17565be953cadb0b1b20e37d81ba0e36fa41c8104950ec64d7ebfb88de221
680,MLII/4 AFIB/202m (41).mat,4 AFIB,training,202,461215ff6b0c72f6ec45f9dd74df6dc133a3679cc7f9a992a1078df1b99393d8
681,MLII/4 AFIB/202m (42).mat,4 AFIB,training,202,76dccd327fc72fe0bfd34d46ad671b5b9ab7b53093144d723333b08fac7a1ee6
682,MLII/4 AFIB/202m (43).mat,4 AFIB,training,202,fdc75dcf8dc9516bafe2377b8b1408dff8a7bef25c5e32ca793b28a704cb7fbc
683,MLII/4 AFIB/202m (44).mat,4 AFIB,training,202,c0adb4c47c88361b7dcdccbf59f46bf38a0808c0028a81ed13a916ea195a2346
684,MLII/4 AFIB/202m (5).mat,4 AFIB,training,202,867b87be06fd1d23e7176c58ba0c72245a33bb4b1e82d5ba5636bd190e1c7cdb
685,MLII/4 AFIB/202m (6).mat,4 AFIB,validation,202,446036701833edaff4629f46759d86f92d3fbea9e3fcf4f6707dcf2233913818
686,MLII/4 AFIB/202m (7).mat,4 AFIB,training,202,8220369410750f1beaa37f0ba28735761d7621db7c764462008699b7a6329acc
687,MLII/4 AFIB/202m (8).mat,4 AFIB,validation,202,55c89b5192bc2bab78351d735044ee68388f629827a3f6f3440ec8d5f11f174c
688,MLII/4 AFIB/202m (9).mat,4 AFIB,training,202,cc83100933f43227c329b70930ab210477ae75cab9d3272800cfe5b2fc4d70e4
689,MLII/4 AFIB/203m (0).mat,4 AFIB,training,203,a2f6bc67cb3ac0d99d40629cfd7d502ec61a7f947ca7444eba7c26e17fe8a743
690,MLII/4 AFIB/203m (1).mat,4 AFIB,validation,203,3da0cdb55397a8ffd0c8407ad19341249e34e20ef9598c07543c20a97dbac543
691,MLII/4 AFIB/203m (10).mat,4 AFIB,validation,203,ed266f8c8476a0781469fc1e36e54e78c673fca11baa5b7fc24423f4289cda28
692,MLII/4 AFIB/203m (11).mat,4 AFIB,validation,203,c4030b36e69341b65a0421a53ac81e8124cbd23ab38284707e2a51d4ce0e4723
693,MLII/4 AFIB/203m (2).mat,4 AFIB,training,203,f6423c6073d4537ee5fbd3ebf958c16fcc797ec9a3718ae71e53ea525a9384a7
694,MLII/4 AFIB/203m (3).mat,4 AFIB,training,203,f7c3f7dd8d4d268ba4a1bf609b64ba5782361dd0959bd87a29914bdd3c0df7d6
695,MLII/4 AFIB/203m (4).mat,4 AFIB,training,203,248a0d75a938844394c196570aab1d924bcfa000de3504df52b8a12a39ecbd39
696,MLII/4 AFIB/203m (5).mat,4 AFIB,training,203,8d466cbcb32fd859f1f3c74c3a5b375e4f46f436cfbe3c1adef41f41c22e20e7
697,MLII/4 AFIB/203m (6).mat,4 AFIB,training,203,c5f7b6241384606df9213390f5bbe620ef877121fab4596dd15f30e62662b406
698,MLII/4 AFIB/203m (7).mat,4 AFIB,training,203,bdbf8af1573ee5b7fece73bdadbaca2070db9088783e982e3a1e5f366d3d9de5
699,MLII/4 AFIB/203m (8).mat,4 AFIB,training,203,e1956f084700782946ee854faaa3f6d0686c6da1444fe4bd3b916e635d632c2f
700,MLII/4 AFIB/203m (9).mat,4 AFIB,training,203,2f98ed03eb2bd37bd63acf210463180aff3c3ac4759aebcb3ea6d130c51f7e31
701,MLII/4 AFIB/210m (0).mat,4 AFIB,validation,210,1a740dbf7076f035b656431a53c505e436011736267d608e7a9aa6eaf12e0dd3
702,MLII/4 AFIB/210m (1).mat,4 AFIB,training,210,583b3972f6aab1046143981ba133dcdeb6be1531d078f4088b837ee3c7082cbc
703,MLII/4 AFIB/210m (10).mat,4 AFIB,training,210,badae3cea9223f830c069c61e3650e394c059bc36ed7d1fdc4cde8b97970915f
704,MLII/4 AFIB/210m (11).mat,4 AFIB,training,210,19c37be99e16860ffe2a3764f8f001a3a1181cd63cf11d7ff4a0e68da288c0d4
705,MLII/4 AFIB/210m (12).mat,4 AFIB,training,210,72e232b4c0561d795e91ef0cd06c7c93446171280281897e8fc5069299574f1b
706,MLII/4 AFIB/210m (13).mat,4 AFIB,validation,210,1417697f6a0ebb572ae53f5a465dc9544a039c84dbe946e90ab55fe9f4fd7f3c
707,MLII/4 AFIB/210m (14).mat,4 AFIB,training,210,18ce18b2aa14bd6e10d828085a8d43dbca2efb6c8aa45659d2a2d4d0811d46bd
708,MLII/4 AFIB/210m (15).mat,4 AFIB,training,210,e33c2199963ef37f1ac7656fb7f8301eaacc2a5e58268fa19ba81260c8dae372
709,MLII/4 AFIB/210m (16).mat,4 AFIB,training,210,b9065998f509cdabeea159fe04325befe5a563f14422cfe861724c4979a48bac
710,MLII/4 AFIB/210m (17).mat,4 AFIB,training,210,2ff544973305ad7660ac2ab76c9a2e75d41f47e4b0a4ffa432f3375b92939d27
711,MLII/4 AFIB/210m (18).mat,4 AFIB,training,210,8d2c8b9a0939c226d000734b09c99d475d4389a598c2596e38f981c708ff1042
712,MLII/4 AFIB/210m (19).mat,4 AFIB,training,210,faab3e281a57fe3492ffc53dc540fd1384acef4a9582b14987bc41a244ebda35
713,MLII/4 AFIB/210m (2).mat,4 AFIB,training,210,da05c352c2d963394c741cbf26a7b0fd87297e8fee88646a06da72ee96cd1d38
714,MLII/4 AFIB/210m (20).mat,4 AFIB,training,210,dfd3451d95f16435572e59a3f6c60fa3c7c3a82c21d0791f083968fdd725641a
715,MLII/4 AFIB/210m (21).mat,4 AFIB,training,210,318d363442d0b820034aec4fc4a0cdcba18b5469e3f08b96f7356bf596c2e00a
716,MLII/4 AFIB/210m (22).mat,4 AFIB,training,210,e15e4fc0f13a8969abd22336fb129880668791e638d59601af652c744a2fa304
717,MLII/4 AFIB/210m (23).mat,4 AFIB,training,210,2cdacbd0e7ef7218e4c2132ec889e01b887af9408c438f7a9350935c5143ba21
718,MLII/4 AFIB/210m (24).mat,4 AFIB,training,210,9755df3975e087795ca01e77e4a42462535e07ac0d9e847f76182ba4ed5b54e0
719,MLII/4 AFIB/210m (25).mat,4 AFIB,validation,210,f54443f6ede18dfc00b109e089426fc0a3a036ea25827f32c9216cc9e171ab80
720,MLII/4 AFIB/210m (26).mat,4 AFIB,validation,210,279f4a22d699e3bafa57d40154918f2ec0d3746e4062e7f83a9e759b6b2d31d0
721,MLII/4 AFIB/210m (27).mat,4 AFIB,validation,210,5d39b97363247fc831ad4306932278a575063dc4f0fce7d9f51aa878c7158c41
722,MLII/4 AFIB/210m (28).mat,4 AFIB,training,210,45669de14e941e127b746c4324bd6c6e45b7dba66e6d9edbf5c1d1aef6492663
723,MLII/4 AFIB/210m (29).mat,4 AFIB,training,210,735c3967f33ed45452f92872bee90574a9b4fb656355638e53cc627cd5087c0b
724,MLII/4 AFIB/210m (3).mat,4 AFIB,training,210,18fb948c41b1ff34f68705e0942c2701c2dbb758d9118ac2c121781fb1cfaa48
725,MLII/4 AFIB/210m (30).mat,4 AFIB,training,210,ad847a7a0d1cebc0397755c1e5329f0507fc56154ba4cf375228968cc1173d95
726,MLII/4 AFIB/210m (31).mat,4 AFIB,training,210,7eacc854b44a4651e0ca7ed48c88dca9eafbffd12dea596fa2455e9c138a47fd
727,MLII/4 AFIB/210m (32).mat,4 AFIB,training,210,14b21ee97e1c785df5e82c39c9f257dd5b8d064c4d629deed0b0530cab7888df
728,MLII/4 AFIB/210m (33).mat,4 AFIB,training,210,05ef75c36914429ad645d9c07b4e5153358a947dcb53606191bf585c0badd24a
729,MLII/4 AFIB/210m (4).mat,4 AFIB,training,210,d906d9a6be836abd30f8494a06161ebfd4611267762f72ee7df53fe19d1465ac
730,MLII/4 AFIB/210m (5).mat,4 AFIB,training,210,a4cefcf388aac18b68090b1b768c9afcf0b6a527988900b8f8237caf0b37a0d0
731,MLII/4 AFIB/210m (6).mat,4 AFIB,training,210,3e0f91669b7918ae2e3e340eddd4ad9e94b06b24ce07b9dc7ed7ce07ac7eed0a
732,MLII/4 AFIB/210m (7).mat,4 AFIB,training,210,f3c9f6f63d8ba09a9848dbdf91c7a95ce7d25e50fd871dd8882f29184910bdfd
733,MLII/4 AFIB/210m (8).mat,4 AFIB,training,210,4933ab46475a76bc021aad61a8344b74f9c337abb6708dfc47065664591c0e7d
734,MLII/4 AFIB/210m (9).mat,4 AFIB,validation,210,c872a30fab6c954321947fd9b8113fa373eacb5b916ce157bc3ee24069804002
735,MLII/4 AFIB/219m (0).mat,4 AFIB,training,219,fca90d0cacbca1869c270e9ad3252b8c0e30b94c02e5f784ebf5c64ce205c9ee
736,MLII/4 AFIB/219m (1).mat,4 AFIB,training,219,a53c47e14240316973486b1442f27365ec20b560a4aef12247df2ea8641ef4ba
737,MLII/4 AFIB/219m (10).mat,4 AFIB,training,219,b854e13f66070e8dcd9d1798d4c042ed3d492613a0bcb8957a9df7b9819de71d
738,MLII/4 AFIB/219m (11).mat,4 AFIB,training,219,69ca69078d6a63c2b48fe30a8266d5f2b670592fb694ad9844fd9ed728ca4951
739,MLII/4 AFIB/219m (12).mat,4 AFIB,training,219,d9bd42b3b236d97bfb8148a2d6294f7dc632cee58de97612e241b0d9c32c9457
740,MLII/4 AFIB/219m (13).mat,4 AFIB,training,219,a5d0f55e2801c1f83f10eef4348049a1ed9154f70a56ad0fe743b4a64c10c071
741,MLII/4 AFIB/219m (14).mat,4 AFIB,training,219,2be197918d4ff756dd39264b703ba266bb7dbb24a4c3aebc5879f4b6c6d324c3
742,MLII/4 AFIB/219m (2).mat,4 AFIB,validation,219,71a2db6251dec9ce882846ec390bc2f3ed3aeffe1e90236e87c5bd55f4085076
743,MLII/4 AFIB/219m (3).mat,4 AFIB,training,219,f0bcaef32990a03c038c7f5ed0b4463e8bf029bc9869116a4209523a09f5d3fa
744,MLII/4 AFIB/219m (4).mat,4 AFIB,training,219,e88967c55c1bba0d34e777e4b256cc4eac44b50d668a5b12a0f528d4574b51aa
745,MLII/4 AFIB/219m (5).mat,4 AFIB,training,219,b116717b6e68bb4aa5f831cf847e6fda3c89695749bddb08997f3afbf68d78da
746,MLII/4 AFIB/219m (6).mat,4 AFIB,training,219,06b956870ca509f83dfb60b12f530ca3a9797522471ed7a1ec00a9456aeec420
747,MLII/4 AFIB/219m (7).mat,4 AFIB,training,219,68269a81b3f40701069be60600980bd879da3a7645ebd24429df6b5f33f99b54
748,MLII/4 AFIB/219m (8).mat,4 AFIB,training,219,9561bc286757aaa028fec9b0a037854ef3edb889cd218a26f50370b7eb07e71c
749,MLII/4 AFIB/219m (9).mat,4 AFIB,training,219,02303afddbebbf165f1eda9803205c9b4b4c18c60703636f60e9359058ae1338
750,MLII/4 AFIB/221m (0).mat,4 AFIB,training,221,87aa58aa2f61bfff4d60a34388d7b54229cac5434625deb8b832a8a10d6dd639
751,MLII/4 AFIB/221m (1).mat,4 AFIB,training,221,23d8cd3d3485baa8cce8e7b494bbe1b993ba41da0e9f7b4523cce5ee2030a42d
752,MLII/4 AFIB/221m (10).mat,4 AFIB,training,221,16dedc48a0d895f2089ba2955a88bfbd436f3bfbedbdbdfa96ae1bea1b3c0d24
753,MLII/4 AFIB/221m (11).mat,4 AFIB,training,221,66947c226369942169be668c115946df34e0040e8a5cec6408b821393dcdd2e0
754,MLII/4 AFIB/221m (12).mat,4 AFIB,training,221,dc5576f6d5211e992ba945e07b1efb75d5d979644e231b15aca5955cfb9c71ba
755,MLII/4 AFIB/221m (13).mat,4 AFIB,validation,221,564a061119e13b6045c07f263c1eb18a903ccb13b67047378fdc6896a7d2708f
756,MLII/4 AFIB/221m (14).mat,4 AFIB,validation,221,391a42ae1bda68e362a9f97439040b583531c6ad5e66235cdd05dd287cf347dc
757,MLII/4 AFIB/221m (2).mat,4 AFIB,training,221,448a034d2354e135d7ef3846c71b3a93ce902bc12cfbd936caa5bb0afb9bdc93
758,MLII/4 AFIB/221m (3).mat,4 AFIB,validation,221,8497b3889be94756e3aca05f7578732ce69e94e004ad4c8cfe6dbb4b4abe2ae4
759,MLII/4 AFIB/221m (4).mat,4 AFIB,training,221,bff2b5a07fbdf30be4ab3547fce4e4069288be9015b73dc06fc39534870b54d1
760,MLII/4 AFIB/221m (5).mat,4 AFIB,validation,221,eef95f2691ed8738fb149465e888379ff6a1dc8d91c8a4d3e2c8b2ba9320c665
761,MLII/4 AFIB/221m (6).mat,4 AFIB,validation,221,b2f2779166a4328fe2015f42a90102ca91caa0b0f0908529baeac1002f6dc59d
762,MLII/4 AFIB/221m (7).mat,4 AFIB,training,221,3c92b4fc3860bb9116d6ac8ac880c3fb311d1e0f182bb068c9f8cbc5753e2a17
763,MLII/4 AFIB/221m (8).mat,4 AFIB,training,221,c117ed2d1db18b55efdedb0345db5cb0737a03d3dcf601c59fae7db9b8d39e56
764,MLII/4 AFIB/221m (9).mat,4 AFIB,training,221,d95c1afb5ceb7c86f0c0e374dee4c19073499486d5405b010fad37babeff4084
765,MLII/5 SVTA/207m (0).mat,5 SVTA,training,207,0cde1db85bc2425b32ed0d32d06a21cfee025ac0f6445115158fe20bb5b8daf3
766,MLII/5 SVTA/209m (0).mat,5 SVTA,training,209,ba5a1f657c7d9ea26431ffb7bc8ad34e851d48c51e7531a15143f4c42b84f64c
767,MLII/5 SVTA/209m (1).mat,5 SVTA,training,209,ba9c59edebd7e62354792fbfb6c6558d4df232295bae348cae8c235e328dd2f1
768,MLII/5 SVTA/209m (2).mat,5 SVTA,training,209,8a1e1883d351f8d36cbd6577413ee7ceb73392c453aaac6bf1e169881e114963
769,MLII/5 SVTA/209m (3).mat,5 SVTA,training,209,0dd0d55df6d3feb4ec172bb21a10f0f6605b12670a259d8f71d1ce4733b63868
770,MLII/5 SVTA/209m (4).mat,5 SVTA,training,209,2d9fa130927bb08c101442a839d74064f00de96c0f8adf74d41ceea1f8294a54
771,MLII/5 SVTA/209m (5).mat,5 SVTA,validation,209,2832d1e917beb1ab569d0aa5c090f53b2657babcbc9b1e009d6b79b5679ae3f3
772,MLII/5 SVTA/220m (0).mat,5 SVTA,validation,220,2f667437b800c559f60e17d2d58f37640747774bb666af5ccd1527e023fb7526
773,MLII/5 SVTA/220m (1).mat,5 SVTA,training,220,c16f7507c03f4342073e633e7de7301d73cd6df00aaf8fedb6cfad881c7be131
774,MLII/5 SVTA/234m (0).mat,5 SVTA,validation,234,1f1c21898aab8a9dc003503af5a05375925b409abec5a8f5a747059c27b2cba0
775,MLII/5 SVTA/234m (1).mat,5 SVTA,training,234,be60dfbf4bc3adc189041c15e25b949e4e7c43df2ca6eb5919d1d3b3dd0127b6
776,MLII/5 SVTA/234m (2).mat,5 SVTA,training,234,9b9360f70f528d67ed62edec0631b94d90bc0517839a17e67be10bf992b2cc3b
777,MLII/5 SVTA/234m (3).mat,5 SVTA,training,234,d3859e8d029168a3cbbd877a790b1a33b0d6790fd42e1e05ae35a5d4e10a2a46
778,MLII/6 WPW/230m (0).mat,6 WPW,training,230,dc8e298b32ac6550234a56821fe4ed092a1f180063afc80154d95a26782762fa
779,MLII/6 WPW/230m (1).mat,6 WPW,training,230,7f333603a624e03e4f261f08fe7127afaaf6ba726f89c5e09d258b3e5c0674cf
780,MLII/6 WPW/230m (10).mat,6 WPW,training,230,9091d0fec3761bddc3210ca481d26a12ebd0a71108a4ae11f6faf1c00e553fad
781,MLII/6 WPW/230m (11).mat,6 WPW,training,230,885259680a1d35c3782ec982e97e9017991f511190329bdc346a274dbcedfa3c
782,MLII/6 WPW/230m (12).mat,6 WPW,validation,230,75fe4a0b417e1b6cadcab803746bca6facadd7ef4377dd1bcec540a57cc6f8d4
783,MLII/6 WPW/230m (13).mat,6 WPW,training,230,e6480360642b6334d3e4cab29f29ee7101b6bf14c6cb28586ca922d002d2a69f
784,MLII/6 WPW/230m (14).mat,6 WPW,training,230,a573c049624deee35cae2688fe7831b1c14c0c51151ff6081f4ab6ca146ef1de
785,MLII/6 WPW/230m (15).mat,6 WPW,training,230,717884d9d44b896676c5f72d1559ede4f864e8528b3e61aad25a4add58e8e45c
786,MLII/6 WPW/230m (16).mat,6 WPW,training,230,2f8930364622a81d71ba50781ddad07659495c7528bd563f28ccbb8158648ae5
787,MLII/6 WPW/230m (17).mat,6 WPW,training,230,fc08e6014fee98d7cc1db9bfd755daf33782d22ad0bc8cde8337c36749d06228
788,MLII/6 WPW/230m (18).mat,6 WPW,training,230,59d78d2c6a231ab0d8aa0621247ac7599364ef78f1f7f7d66420c3798c3b5662
789,MLII/6 WPW/230m (19).mat,6 WPW,validation,230,a9788a8a24f63659c142d0e16f3b5aebe68c2a8edd8881a14be760b898b064f9
790,MLII/6 WPW/230m (2).mat,6 WPW,training,230,26d6d1b8d6921ccacba05695200133938661226db37b4d79aa0a91320aeaeefd
791,MLII/6 WPW/230m (20).mat,6 WPW,training,230,7bd359827e5b34f5f7004fd363d46be470a7ce009934063afbbc7d2667ade8ae
792,MLII/6 WPW/230m (3).mat,6 WPW,training,230,580ddd73d8b5c2c67963c2155c21fb0d5e6045785c3a2f422487d354d1e49ee6
793,MLII/6 WPW/230m (4).mat,6 WPW,validation,230,8a608ee097598e0921deef16ac93d9cc6cf10610af086e858a9b5957a6ac7bb4
794,MLII/6 WPW/230m (5).mat,6 WPW,validation,230,8f791d8e4474c9e662249cb7c7cc6d3f66fc0d9bdad168b4980e062bd38e9a0c
795,MLII/6 WPW/230m (6).mat,6 WPW,training,230,cd84e15b614e536e7188c2540e8403115610ebaa32d78d49acd1ccb3c7576871
796,MLII/6 WPW/230m (7).mat,6 WPW,training,230,c434fa7fee806ba1b82aa23ad9c64ad6ebca0bb1adda94a153f0bff4a85e759f
797,MLII/6 WPW/230m (8).mat,6 WPW,training,230,180f222f6911ec7192e8f43b44393734a18fda97a31e62c986e3d76dd8043e80
798,MLII/6 WPW/230m (9).mat,6 WPW,training,230,588b7e0b02964ac4c5f03c997917ed0ef2a05ece5782d9092a63c943f6086afc
799,MLII/7 PVC/100m (0).mat,7 PVC,training,100,d9f92fc557941395aeab1f960e5ca352754158e9893cada4f7b90a28c2100728
800,MLII/7 PVC/105m (0).mat,7 PVC,training,105,bd757fb1271bd971415901daa4a415fc69d0f464b6a7aa9801e865260822326d
801,MLII/7 PVC/105m (1).mat,7 PVC,training,105,9d53fc3823fffbd6d85ca86ed425684461ba88f40362b12c8f8025f1612167c2
802,MLII/7 PVC/105m (10).mat,7 PVC,validation,105,5d7844b27c1a71489a561c97a71845ea7a1e8cd63202dd17e52660f91f8626df
803,MLII/7 PVC/105m (11).mat,7 PVC,validation,105,6dc53501d45eb91a1aded9c5a36cbeabd1fc341e5a2506815887d54b95fef2cb
804,MLII/7 PVC/105m (12).mat,7 PVC,validation,105,113d3643ed67beb76b7d122526a282eb8ea305933fc53c1338e22f16009a6638
805,MLII/7 PVC/105m (13).mat,7 PVC,training,105,886c6d4901053d59a99c5404f89a0814c9a7a79052aaa742d5836c3a62bdf279
806,MLII/7 PVC/105m (2).mat,7 PVC,training,105,c1e17f00d446bae7908291acf2bf8327475a459eaf2ba3efe74954b784f8bed1
807,MLII/7 PVC/105m (3).mat,7 PVC,training,105,be7a817c307c89f99cb5ad4b73c48fb998884bf87f57093cb92d81b69c854bb4
808,MLII/7 PVC/105m (4).mat,7 PVC,validation,105,a214c41b8a75f393d0f0a45fa3fa740a62791b446f95e9e7d5e9b6d877d5c011
809,MLII/7 PVC/105m (5).mat,7 PVC,training,105,15495160188b3526f6718e101651793fc3bf849866c37a61daf3a74aaeb7412c
810,MLII/7 PVC/105m (6).mat,7 PVC,training,105,2dba616bcc4aeea27d15d12f1aa2f394e7f5707fe99208fe1d8a3514724f1ccc
811,MLII/7 PVC/105m (7).mat,7 PVC,training,105,9467ef623a112e45f3809c2dd5ab0c27c4b4e8cf9e277701b006c3ab79162e9f
812,MLII/7 PVC/105m (8).mat,7 PVC,training,105,b2144e1e73d86abbeb83ecc4f07b4125eefbc868c079bb3f655404a9d1ca7002
813,MLII/7 PVC/105m (9).mat,7 PVC,training,105,fa9d64ceef18a02b7ca982ca28b9e2615ab38ad206d39796f28517b65f1fe5bf
814,MLII/7 PVC/106m (0).mat,7 PVC,training,106,be707872d651bb5f2b6c32ccb8c1b8c2d3541091ffd0a606adc29d72b0af9000
815,MLII/7 PVC/106m (1).mat,7 PVC,validation,106,3ce302c0887f1b81ccf4e25d03dbb7e64884611b537754e9e7220fb04c269743
816,MLII/7 PVC/106m (10).mat,7 PVC,training,106,4af788aea9cb9380bf8ee16c3c9eb3f1a4ff594f62650a8bc5ea5aa7c5e3760a
817,MLII/7 PVC/106m (11).mat,7 PVC,training,106,871188bd676d2f7cf00647f13418fad51d77b7917e01646cf49f4d4e1d27d229
818,MLII/7 PVC/106m (12).mat,7 PVC,training,106,4de9a1cf884c24a62bc58d24e62a7f29f3dc6b3e8f97f157cb9e3212401ca163
819,MLII/7 PVC/106m (13).mat,7 PVC,training,106,2af6136f9defa33d3bd5921e3348d3a3b7d40040d31e80714e3b0683aa25f338
820,MLII/7 PVC/106m (14).mat,7 PVC,training,106,d6bec301d3fd741415ee5c766711ad1e68b49099b2e2cc65ec46cbc63ab2fde9
821,MLII/7 PVC/106m (2).mat,7 PVC,training,106,98bcf9ddff0296902d785b81bee93f31785a2d846c8d28639766b09b16764315
822,MLII/7 PVC/106m (3).mat,7 PVC,training,106,c855c5e767589a767b56f8742ca8a6feddc099b581a2ad80a971943c32ba37c1
823,MLII/7 PVC/106m (4).mat,7 PVC,training,106,e633df6c73fcc93113fbab98f64e78b211dac1b6ddc43559192a91a74984ffa8
824,MLII/7 PVC/106m (5).mat,7 PVC,training,106,e4c16525a1f08dfd7ebb10d57e62e3c04e87ee0c266fd8ed98094f15b1caff4b
825,MLII/7 PVC/106m (6).mat,7 PVC,training,106,43fc6d8802e5b618810d19a09d6e405020e8c8e313985d9b5ca579ec73364d7b
826,MLII/7 PVC/106m (7).mat,7 PVC,training,106,accad28e52754fae10937bce10e28b9e35745ac70c1966ce67eda785066429ff
827,MLII/7 PVC/106m (8).mat,7 PVC,validation,106,7f314e65526a595493a151cf5da4ee7eaf61c8ecb4f38d0dc63970a055d2dca4
828,MLII/7 PVC/106m (9).mat,7 PVC,validation,106,fec0912c82868be9297fc749974bb67afff9309785e6d74b4d5231619521fc13
829,MLII/7 PVC/108m (0).mat,7 PVC,training,108,5832812e0ee1d60d275c5990fd48fa0f686af64e93dde54474d5a3746dad17ae
830,MLII/7 PVC/108m (1).mat,7 PVC,training,108,20c1cfdd992d3d1da18ff9599955c6c73e900292d6cbab8decc9e0c6dfe2a283
831,MLII/7 PVC/108m (2).mat,7 PVC,training,108,9879ad19d52a40bc61e650f845fe455fdc713007b37d3029c71963c81e09a6a5
832,MLII/7 PVC/114m (0).mat,7 PVC,validation,114,5d307510cf1bf1d78007971883234640aeef51b99148a1b24a18749ebeba9a01
833,MLII/7 PVC/114m (1).mat,7 PVC,training,114,ff9f1036f7f760485865f603c6a218f6dfd6e8d3429140c87fa6efa16dc66391
834,MLII/7 PVC/114m (10).mat,7 PVC,training,114,35100246ebb1b6f865b868c8e051be47d744faab046123c0015659c94bd8b932
835,MLII/7 PVC/114m (11).mat,7 PVC,training,114,c443b4ff982d7aa0dc079f0c4dfc81f21c3e1ec1814d90fd1996dc82eecc6bea
836,MLII/7 PVC/114m (12).mat,7 PVC,training,114,0142f72278218245b828f268e902533a78a772efdb87edd9346762f6aec923a8
837,MLII/7 PVC/114m (13).mat,7 PVC,training,114,28fde31b604067c3629d6973afbb1f7ddcdbce27aa6430e5fa382cfcf8daa650
838,MLII/7 PVC/114m (14).mat,7 PVC,training,114,b20f0d3529d27b6256dcab879caf273c3b1760dac97f5634db0f8f6990f8ee05
839,MLII/7 PVC/114m (15).mat,7 PVC,training,114,d7b02d9d6a792a3b04c71820d9dcde88d41d6c32dc0ef412bdbb888b494841ab
840,MLII/7 PVC/114m (16).mat,7 PVC,training,114,0d8e2a0019ccf673f4ee81a9ace03fa9d209eb3b40a8640926f4e2f9c1d33bb1
841,MLII/7 PVC/114m (17).mat,7 PVC,training,114,6693d4545fa23dbab4152ac214cc62590606db8e311e67a9fe3dc3fd7beec34a
842,MLII/7 PVC/114m (18).mat,7 PVC,training,114,2e0920af958dc7bddabd53fcc6adbaf1768bff38f9fccd995e7e5167c9742cd7
843,MLII/7 PVC/114m (19).mat,7 PVC,training,114,44d8256dc2207dc765c6c346196cffbd90fde9bbbd229ec70d64ece69474015e
844,MLII/7 PVC/114m (2).mat,7 PVC,training,114,3f0960a6ac71cc68c012276faaad386d0fcb4022832097c5991d96cc2c7dae2f
845,MLII/7 PVC/114m (20).mat,7 PVC,training,114,09cb16628ec31f201e078da402f5a6033bcbf3e644920098d76f1f524d222a67
846,MLII/7 PVC/114m (21).mat,7 PVC,training,114,60c284442da60f9cec79fda5aa964a8d8a2df69b7af693d678e9e57a36c8d9d8
847,MLII/7 PVC/114m (22).mat,7 PVC,training,114,b52de9e5a5aefb0679e11e2fcc3ee86ae4e7ebfe84e3436a33c1aa0900faed6e
848,MLII/7 PVC/114m (23).mat,7 PVC,training,114,3cc63917561eac96651a55b3c24ba3133395659d9369c827ed16ab64bbfee328
849,MLII/7 PVC/114m (24).mat,7 PVC,validation,114,e0d075e8997960b7176f022ae498abcefd65ccfad87589c1b3cf484eab70cf9a
850,MLII/7 PVC/114m (25).mat,7 PVC,validation,114,c5f85b683af8947e6cd8acc07b83e8aca19c35e0de4a3d856eb8dfbccd3ef09c
851,MLII/7 PVC/114m (26).mat,7 PVC,validation,114,3c64e47f68c2776e7e0ecde5255eb1d31f8b2e8597cb8ff77a23b156689c8c12
852,MLII/7 PVC/114m (27).mat,7 PVC,training,114,d325d1cca0a19958d4543c76263f961ff9ec4f9a8002cfa0e7cb25fff66bee6f
853,MLII/7 PVC/114m (3).mat,7 PVC,training,114,d231733441951e0e0d0f665408504c4f8d7369282f8067d93a005b4ead825d75
854,MLII/7 PVC/114m (4).mat,7 PVC,validation,114,2432d752e2173c27e5fc2b6c1992eb848add9df57c60e670cb38aebbe0880fc2
855,MLII/7 PVC/114m (5).mat,7 PVC,training,114,737779fe2a74809c8f860612488ca21248ff423990541a5b3f6344d2a1e44a26
856,MLII/7 PVC/114m (6).mat,7 PVC,training,114,d93817228070a3b4e3ff18798b04800a9ae48a94f4d59fcc138a477edf4af943
857,MLII/7 PVC/114m (7).mat,7 PVC,training,114,412c5cb92d99365ba5cd7e086b05a66506ffb0a1435a17a1b9e6bc303ea54778
858,MLII/7 PVC/114m (8).mat,7 PVC,training,114,b518f3508a1054ff3849a564f34e7798f46c56f056238443de13e55834198a2e
859,MLII/7 PVC/114m (9).mat,7 PVC,training,114,90d34947c48e9c3f9d7e0869daf2da9552dce74769f227bf5d37403481c66e5c
860,MLII/7 PVC/116m (0).mat,7 PVC,training,116,4422ab0a623c9d2eb67d8fb759e65cab4cc49ae64229bb370741a27e6b37bbaf
861,MLII/7 PVC/116m (1).mat,7 PVC,training,116,6dff2dba4d1b4d2895f66e98e7842f1a3d9088295be6dcc90635ab52abc92912
862,MLII/7 PVC/116m (2).mat,7 PVC,training,116,80052a125c4d5daf4851924b9744ffd5f1527895c93df78ac80f4d63d665b15a
863,MLII/7 PVC/116m (3).mat,7 PVC,training,116,cb1b854abed592933f51b623665f10e9a23cf2f0a575b02e166aaf3afe439ef5
864,MLII/7 PVC/116m (4).mat,7 PVC,validation,116,0819d4b6c7b62345c17a4d995e343db6c18decf56238aa8bcf6660be3cf1691d
865,MLII/7 PVC/116m (5).mat,7 PVC,training,116,3b2f840641add3df0901a2593a1cee119570d0c29b6d877357cf5a325b0848b2
866,MLII/7 PVC/116m (6).mat,7 PVC,training,116,08cbd96a06ff5425d4c75690bb637b3f838cb7ba4bc579dd4e0f91f22fe901e5
867,MLII/7 PVC/123m (0).mat,7 PVC,validation,123,055f0360251b3f91ade49a65970ee27541aa159e4c40452695f8a6a31159b4a8
868,MLII/7 PVC/123m (1).mat,7 PVC,training,123,5734329224bcd6be5e9ed67a5a22ad84a45eeccb884f0fd844e429e6e1a8164e
869,MLII/7 PVC/201m (0).mat,7 PVC,training,201,d7269d3d45d61b56546bda131c397b5b923dd96ba8188fdf1b6b8e691b5e7888
870,MLII/7 PVC/201m (1).mat,7 PVC,training,201,8d01bb91055644b28fd6f1930149e0614f0a0fe7f371d8025f619999221be795
871,MLII/7 PVC/201m (2).mat,7 PVC,training,201,9363f47e5653d3a190d5b63b4fd52b715857228b751d5e0291b4906807e566c4
872,MLII/7 PVC/201m (3).mat,7 PVC,validation,201,d7edc628da3f258e5d799ca65d1cdd8ef95925ddf58ab7c195e25d26a6a9c280
873,MLII/7 PVC/201m (4).mat,7 PVC,training,201,dbdbe15e6b26ce8224d30f4648844f3712263325dc1c3f54a39620df9cdb5877
874,MLII/7 PVC/201m (5).mat,7 PVC,training,201,499bd3fa585f928927d1b625ed5a257f1fafc96000cc424894b2d9b611b8a5a7
875,MLII/7 PVC/202m (0).mat,7 PVC,validation,202,5f123be05d54a26381e0dfc33258eb9e13e7c9bf79314d67ee45a4f105e57516
876,MLII/7 PVC/202m (1).mat,7 PVC,training,202,19a145e1d2f44202fd7869908b17a58b9d4670915c47bbaeeada24214d68091c
877,MLII/7 PVC/202m (2).mat,7 PVC,validation,202,597ea9e792e8b2bd38b13b5e2bed9cdb32d932d33c60da35b852e5456b8bb6e7
878,MLII/7 PVC/202m (3).mat,7 PVC,training,202,8a4d533e6d1fb87188691f7a9a0448dc407400ff77dca08011248773bb2123f1
879,MLII/7 PVC/202m (4).mat,7 PVC,validation,202,46ed476c2732096a356ba2a3d4406a85ca14c7529bd813ec77a4bdcac957f988
880,MLII/7 PVC/202m (5).mat,7 PVC,training,202,496cc39946f5bad8eb54d2d3fe28b7e1d1ed54a04269f19641675b8b8365ded3
881,MLII/7 PVC/209m (0).mat,7 PVC,training,209,6a7e25c9d230d427bbd6c10ecc6021ee1b4fa9a7d7b683dd94476346fa66cc2c
882,MLII/7 PVC/213m (0).mat,7 PVC,validation,213,f759739497fb1806c8ac58ea4c89a436126abc040197b638a0290cb4a38d38b1
883,MLII/7 PVC/213m (1).mat,7 PVC,training,213,9838777c62ce082d79c61ef353297d154f5780e7dbf3ad52acc93c6dd1376618
884,MLII/7 PVC/213m (2).mat,7 PVC,training,213,a448b7f54b5baa276e7ffffa392f49f259d1714e7d9a753a390984050b83bf4c
885,MLII/7 PVC/213m (3).mat,7 PVC,training,213,29f99e5d75c8aa96e5277a399b35e2e5cb9f496a11d8fcfe4069e1b3b27d213e
886,MLII/7 PVC/215m (0).mat,7 PVC,validation,215,e92c38d76ec16dbfb20aff4fb8018fa5c483af37cc17b4e7e0cb9a49b0419f3c
887,MLII/7 PVC/215m (1).mat,7 PVC,training,215,864ac615c8bc2a338ab14e43f97f9cd8fdafe4962b609340bf3288e48c9cb71a
888,MLII/7 PVC/215m (2).mat,7 PVC,training,215,e7a3efd9bd379031ff1a5faa8085d66b7eb99a831efdd7567f24a8fbb37a739c
889,MLII/7 PVC/215m (3).mat,7 PVC,validation,215,690a99821528fd2f2e22d9d08a3d35817ca39056c5ec99ee34fabd40f637c422
890,MLII/7 PVC/215m (4).mat,7 PVC,training,215,7551c47733c29d70e1c62a6afe01ccf4533e7f1415dfd9358e037bd57b109267
891,MLII/7 PVC/215m (5).mat,7 PVC,training,215,d9ea605e27985a287928cafec8bd7ea7672eabea07ab3973a17900b49e346cd4
892,MLII/7 PVC/215m (6).mat,7 PVC,training,215,7390ad65a39e038e81f95c60c94a3778c6a3f7b73ccbba9a3b64be97c9104367
893,MLII/7 PVC/215m (7).mat,7 PVC,training,215,2fad833af1507e8f4a8a9f585f4f505fb25c3f9f640cb01bc85832547dbff314
894,MLII/7 PVC/215m (8).mat,7 PVC,training,215,6137d564822bb09720dd3fc8bc472f5a95e479dd6e0fa0292040309fcad93b05
895,MLII/7 PVC/215m (9).mat,7 PVC,training,215,e70ccff383030691e9bff056ee309b5e5ba572a025e1bdfc31a970334c76692d
896,MLII/7 PVC/228m (0).mat,7 PVC,training,228,1a02e6aa4832ee7fe7c2cae9d7a78b543ab4d1759fea000ad38069d283ddf971
897,MLII/7 PVC/228m (1).mat,7 PVC,training,228,8c3624dd2777e96673819c757e1d4d6b0cf143d66f8c8cbd7f5dd15994e3ac41
898,MLII/7 PVC/228m (2).mat,7 PVC,training,228,4203319c720773f92b6e36a085d7255195fcc3d379fcbd87392e6abe98ddc24b
899,MLII/7 PVC/228m (3).mat,7 PVC,training,228,942105cefe2fe29593429e59e0b2dd6a3e169cacea8f66e075bd49e6a7f0d133
900,MLII/7 PVC/228m (4).mat,7 PVC,training,228,efd825f53648699f7aaa7802bac3b7177fa3349afe4cc8c06c7714608bc187c3
901,MLII/7 PVC/228m (5).mat,7 PVC,training,228,f47adc24b64b719b3d67d12f2d51a2d381120d3cc3b38735795f10d4b3a95f4d
902,MLII/7 PVC/233m (0).mat,7 PVC,training,233,c6d95ee137540b7d64dd3c515a05dba2268a5e4267bd634d734e2ad57c8ff861
903,MLII/7 PVC/233m (1).mat,7 PVC,training,233,fd943c6156abccec68c00c313951dab8b49bfe3165aee0bc801f6d201e09b625
904,MLII/7 PVC/233m (10).mat,7 PVC,validation,233,c19567e0b0f903d1e1576e3dc31aa79ad542b52be7ed144abbbe7985d0d3df9a
905,MLII/7 PVC/233m (11).mat,7 PVC,validation,233,99d3fa8a836328a7845f7c2d6d21751585a64ada0835a9475ecc9084cd094ca0
906,MLII/7 PVC/233m (12).mat,7 PVC,training,233,3f972a832ac2ab50c0c7b6673f3b60bd44b00a1a6e137153678e11883e8c9116
907,MLII/7 PVC/233m (13).mat,7 PVC,training,233,5437c381aed117d94fe09cc8009e081a1543bf18ef9595b745328d4d481863f8
908,MLII/7 PVC/233m (14).mat,7 PVC,training,233,5437c381aed117d94fe09cc8009e081a1543bf18ef9595b745328d4d481863f8
909,MLII/7 PVC/233m (15).mat,7 PVC,training,233,ccb559adc805d07e38e723cef9b063d6d5c9bad6b12e2ffa88615b61cac443fc
910,MLII/7 PVC/233m (16).mat,7 PVC,training,233,cdf166e11fa746c542097444cb46f3facaec9ea205960296aa2f28954143ff6c
911,MLII/7 PVC/233m (17).mat,7 PVC,training,233,7e96ee0db39fab162752fcfbfefe956402f9c25e1da65a20415c3a0de0900247
912,MLII/7 PVC/233m (18).mat,7 PVC,training,233,acba4710f131c77d951a478e0893c432a511961416939f891bbf9a0d408eba1f
913,MLII/7 PVC/233m (19).mat,7 PVC,training,233,6c35a9ce53dfc428f60568d6be7ab98357dc19aa84dda180bb4d09d8cc88d8c5
914,MLII/7 PVC/233m (2).mat,7 PVC,training,233,4485c63fab2089fb32c62fd5d3587ed529b2d7ff99816cd5d69d6fecbae234a4
915,MLII/7 PVC/233m (20).mat,7 PVC,training,233,4cb14fc8677a2e58c26158cd444b84d527ccc89767f0fac3808b799ac5c7f92f
916,MLII/7 PVC/233m (21).mat,7 PVC,training,233,fc96165bfbea377b9110a21843956897add53eed4bbdaf55fc9dcd3eb425c0ac
917,MLII/7 PVC/233m (22).mat,7 PVC,validation,233,36e000fa7ab4123141fadc75b90a99c7d2dd60003213eebc93731c3e8fe446a9
918,MLII/7 PVC/233m (23).mat,7 PVC,training,233,993d40041c10af46a3a36caa258fa90dcb705cedd95b036f41337466f2ade457
919,MLII/7 PVC/233m (24).mat,7 PVC,training,233,f05b24fff745ce33a0055f7eb926a6077a1fd8ae8638db75c519bb1eb7e28dab
920,MLII/7 PVC/233m (25).mat,7 PVC,training,233,b9bd06572bf0eafe0d44ba942bc537ccc6f210180eaa882d2d4819bffdd99a82
921,MLII/7 PVC/233m (26).mat,7 PVC,training,233,5b3f4d3ea8702a163eaccee172f2c5ee423286446b9ba86d837878073428091d
922,MLII/7 PVC/233m (27).mat,7 PVC,training,233,96555249f6d1e297467afc4dbbdc28284c7e68c0ea6ae4595ed2598eba3458a6
923,MLII/7 PVC/233m (28).mat,7 PVC,training,233,0e1452eaef39cd8c93e09ab0cc9d95b849ec84902726aa419d7cd9c174ec4b05
924,MLII/7 PVC/233m (29).mat,7 PVC,training,233,23a833f6194d4ec363540b0111625aa1d7f43c3917bd7c5a8d3566d38eeb849c
925,MLII/7 PVC/233m (3).mat,7 PVC,training,233,a36af32e90740c8218f9e441d616eb21537e43b3a8ce4abb352e778284869342
926,MLII/7 PVC/233m (4).mat,7 PVC,validation,233,fde6de610718bc1dc29fc5771d2d754c7bf5edf707ce0eb4d17dab78790bd4d4
927,MLII/7 PVC/233m (5).mat,7 PVC,training,233,c77fa635d875f278ff2b6f1100a25435f9d0d8c82cf27fab5f7a0ef0eb3a023d
928,MLII/7 PVC/233m (6).mat,7 PVC,training,233,7a0e776740f6ea4ca21bb3108b925957067e2f83823a2f05298b74fdfd03e1ba
929,MLII/7 PVC/233m (7).mat,7 PVC,training,233,3571aa7830bbc965410624020f66e6da4fc8d2b93812833373c9918a638ffc02
930,MLII/7 PVC/233m (8).mat,7 PVC,training,233,bfbf7ec38ecfe36c313d11904faa4e3f47aff8b0ce3429e31302e63b3b858391
931,MLII/7 PVC/233m (9).mat,7 PVC,validation,233,f1ca5ad0afbcbca02b112da759deb9aaac0c7444ece7ccb1c3d8d03d910823b8
932,MLII/8 Bigeminy/106m (0).mat,8 Bigeminy,training,106,3ac81c68252f986c0f2d1a6786aa93a88203892ce85f90b76012d800561d9955
933,MLII/8 Bigeminy/106m (1).mat,8 Bigeminy,training,106,3df634861c265ea022def8fb5250e04beb5fe9a8981f9629c9a4c1f9844b0f91
934,MLII/8 Bigeminy/106m (10).mat,8 Bigeminy,training,106,ddeb7611b594bd37cd1ca0c97b289ec1d244f93bbac7ca0a1da9b72ffbf6558b
935,MLII/8 Bigeminy/106m (11).mat,8 Bigeminy,validation,106,8aa86cb2b502ccbee1cddadbaec8f81dcd57c4c8dfc1e996159cba0a485c4c44
936,MLII/8 Bigeminy/106m (12).mat,8 Bigeminy,training,106,ef0ed1f66a2c17bc55f5d17cd4c03d13ac6c54e08159957db09dd68af6ad49aa
937,MLII/8 Bigeminy/106m (13).mat,8 Bigeminy,validation,106,e63e80090c3ffc0e274a3598b2fe42b8e4acb8cba35a858b3252267541dc49d3
938,MLII/8 Bigeminy/106m (14).mat,8 Bigeminy,training,106,b2ea21bb2edfc3c6b997ddd7af671e011d26935b8b65525af2d233c0136963e9
939,MLII/8 Bigeminy/106m (15).mat,8 Bigeminy,training,106,cdd92b9d478326c1fd93571d73d05a63be1a4dd2981c2183d3dd6e74737cd39b
940,MLII/8 Bigeminy/106m (16).mat,8 Bigeminy,training,106,f290b03caec7c94852cac569664928fd9bb4b33537b2f6d82eb0c0e542603ef1
941,MLII/8 Bigeminy/106m (17).mat,8 Bigeminy,training,106,b9b7a4c75716688a623dd922eeafef1fb47246b6f57f3b3cf4b0df66216b67ac
942,MLII/8 Bigeminy/106m (18).mat,8 Bigeminy,validation,106,e11e2f1b62596e5da1096f33263203736c879f349559cb1a71e7ac332fbfb19e
943,MLII/8 Bigeminy/106m (19).mat,8 Bigeminy,training,106,a43cf010a280b423237d7b4bfd5cd56fdde25086e1ac77322ef43959ebc97d5d
944,MLII/8 Bigeminy/106m (2).mat,8 Bigeminy,training,106,ce4206f7bc3bebdd3ce42e29074c1c347ad9587d398b372dbb9d9e9b4ebc72b8
945,MLII/8 Bigeminy/106m (20).mat,8 Bigeminy,training,106,7082d5112d18f27315c4f828abbe50df36c79bec7738a404e4dc2942f3b65ab7
946,MLII/8 Bigeminy/106m (21).mat,8 Bigeminy,training,106,0cabdbee018be701b9b6b9ad6df239e1d398219a371b8e59825b2739e0f283b2
947,MLII/8 Bigeminy/106m (22).mat,8 Bigeminy,training,106,ceac5de701f0eeb5c663492e7fd894247d215bbb434b148703a86263eb92620e
948,MLII/8 Bigeminy/106m (23).mat,8 Bigeminy,training,106,cdb3984404a18343b400f1eceba0c8bba5bad85fdfb3b2fff3ca5098211b0a01
949,MLII/8 Bigeminy/106m (24).mat,8 Bigeminy,training,106,dc5a916ab19ddf304f37e3feccc10fc9507d9049d731f7eb1472e53a37c11cf7
950,MLII/8 Bigeminy/106m (25).mat,8 Bigeminy,training,106,09e89cec948491d409e4a6e0db56d59c17c409f976a09819aab3d734586542c1
951,MLII/8 Bigeminy/106m (26).mat,8 Bigeminy,training,106,f547c7bf1dcdf1f96cb97b11478257a8c5da8bbe15bd4098893d1a1d4a900377
952,MLII/8 Bigeminy/106m (27).mat,8 Bigeminy,validation,106,29cfad8baba2e6500ac3fb791945ab78b06ea636f5b073907d8371d271ee38ff
953,MLII/8 Bigeminy/106m (28).mat,8 Bigeminy,validation,106,ae898860eac8b8455eeec2d79f797e9f23d8b82a37585a5b663597f852071dd5
954,MLII/8 Bigeminy/106m (3).mat,8 Bigeminy,training,106,2d9e333921ef08d3454683f0ddffa2a1b6c4d5c30b8f1b26dcfbf918d052f6d1
955,MLII/8 Bigeminy/106m (4).mat,8 Bigeminy,training,106,daeadfbfc7b316dd44310a886c48affd855f136047c43d34eb9f371944888b1f
956,MLII/8 Bigeminy/106m (5).mat,8 Bigeminy,training,106,0fbb269e25472e5313031ad2120d4720304fd6c26d9d38f163a0f64d250bb416
957,MLII/8 Bigeminy/106m (6).mat,8 Bigeminy,training,106,b40feaf50d651289bfd988f9fd18754a8275b02f6250b4b55239964fe4417bcc
958,MLII/8 Bigeminy/106m (7).mat,8 Bigeminy,training,106,099cee0deed33775ef7ff835be27b9a7f5ce0073edb179f1e64fd2132214b652
959,MLII/8 Bigeminy/106m (8).mat,8 Bigeminy,training,106,d2aa49d8528143e144439dd2137f82f898a9d7a03f3ba6088f23ee2f5e013ad8
960,MLII/8 Bigeminy/106m (9).mat,8 Bigeminy,training,106,843fa99b37037bf4bd06fd9a23f6cfd3ce1ac8be37875cb5890a33609b56608e
961,MLII/8 Bigeminy/119m (0).mat,8 Bigeminy,validation,119,adf4ba36197846e52c870645df4c38b02cc0e376a91bc963d296a9336112ca1f
962,MLII/8 Bigeminy/200m (0).mat,8 Bigeminy,training,200,4704dea3344a9b3287cf1b67b941096d44010a2bef2cc1733b13ace6a0e1ee66
963,MLII/8 Bigeminy/200m (1).mat,8 Bigeminy,training,200,e7cd493c49e3ce36149264ee85058765fc7857da9439ed160b45b091de615edb
964,MLII/8 Bigeminy/200m (2).mat,8 Bigeminy,validation,200,36e713b1abf07893fb9913aa738f88c227a6fd090b5828baba27f5468255a800
965,MLII/8 Bigeminy/200m (3).mat,8 Bigeminy,training,200,68844d2ea8668146042dbda36266bc75eb980b17db8cd59d9984c112853f3e97
966,MLII/8 Bigeminy/200m (4).mat,8 Bigeminy,training,200,0f538362c4881786b46ed673de67eda26da342b35157c43f46f492cafc400c2a
967,MLII/8 Bigeminy/210m (0).mat,8 Bigeminy,training,210,d3d8914a65d7916412419e07564cc60372968249650ab0ff9a7ac7615e7e353a
968,MLII/8 Bigeminy/223m (0).mat,8 Bigeminy,validation,223,5ad18574e30caa00cd33b1829c94d46fe20d157beef25f8a23f3d4992e46f650
969,MLII/8 Bigeminy/223m (1).mat,8 Bigeminy,training,223,4249b0b02169f376f14020ecd6dfbb9fda927399763677b634f61c4d0f53eab3
970,MLII/8 Bigeminy/223m (10).mat,8 Bigeminy,training,223,2d2e0d4831fa148a3dee346618d93553690f6f59191a09c85281ecd24d72c49a
971,MLII/8 Bigeminy/223m (11).mat,8 Bigeminy,training,223,423f64cb257684ccb22c9712f0405d114efc56a840e1da168ca52ff4652378a8
972,MLII/8 Bigeminy/223m (12).mat,8 Bigeminy,training,223,2eb850fc9d96b918e5a62825c5423d01f8a366a2f3c5444c4216f3e691859478
973,MLII/8 Bigeminy/223m (2).mat,8 Bigeminy,training,223,bd2315072aa7e2e836f41c15edfbef9be1b508544a4c80871c3722bfd944c191
974,MLII/8 Bigeminy/223m (3).mat,8 Bigeminy,training,223,541352a6da794ebf0a497b89f8ea924c46623ee28b285e1b89d48792832b3c2b
975,MLII/8 Bigeminy/223m (4).mat,8 Bigeminy,training,223,717b836cdfcb4af22874a16f87c7e7f74e226c508865a518c38d8b3dbe4a6f6a
976,MLII/8 Bigeminy/223m (5).mat,8 Bigeminy,validation,223,ae3e9be665ac32d2e57f5c5f716cdba1d3a0bbc0c994eb0d439df8fbe15089c0
977,MLII/8 Bigeminy/223m (6).mat,8 Bigeminy,training,223,ae50c3d81ba57c4ecde9d81e5321f95efa1947bc6ed820a567e99c579158ba09
978,MLII/8 Bigeminy/223m (7).mat,8 Bigeminy,training,223,392fde5bebf22605c84ab4c05c933e91e256f6d4ff2c02da73d5bec056cbf3f8
979,MLII/8 Bigeminy/223m (8).mat,8 Bigeminy,training,223,90bd4282939ddb83c2dd4cabf2c640e7b5646836329f7285c9f7f5ee60d70d7d
980,MLII/8 Bigeminy/223m (9).mat,8 Bigeminy,validation,223,6203fdf3fc477667accf88ee5967a6964468b8b9e55e491119eca177eb195981
981,MLII/8 Bigeminy/228m (0).mat,8 Bigeminy,training,228,75f32a9fa0247bf097283871e7d40dc69cebb0018c5206f1bf01244232ebf77f
982,MLII/8 Bigeminy/228m (1).mat,8 Bigeminy,training,228,6ef187618036e2b1b5313eb3eabbe5e18663d835f91b98420648b01e08bfc8d2
983,MLII/8 Bigeminy/228m (2).mat,8 Bigeminy,training,228,90658526167385aa083c53efbb7e6d3589dd6f801a1a0d78d73fbab949bddda0
984,MLII/8 Bigeminy/228m (3).mat,8 Bigeminy,training,228,1fda33da45a6e196009e4431e330eaf938756bfc489dc8451ea8e92327cfe37d
985,MLII/8 Bigeminy/228m (4).mat,8 Bigeminy,validation,228,18c1c125d5a605a86c8616bea5d9ad3e28f561bef6cc977373faef4fb5b7d7d9
986,MLII/8 Bigeminy/233m (0).mat,8 Bigeminy,training,233,6d0a104b099156e4e4d47ac6cbdf78435c3360741a98574910a8f5b5346407e5
987,MLII/9 Trigeminy/119m (0).mat,9 Trigeminy,training,119,a485e7e14dc7416161e6c11858d5d3913e3c675667b3d0cda3b14a3e75b2cdd9
988,MLII/9 Trigeminy/119m (1).mat,9 Trigeminy,training,119,07efaff098806b9e01f1eb08a65df2d22139bc900acd0d989e38d4b620fde8ac
989,MLII/9 Trigeminy/201m (0).mat,9 Trigeminy,training,201,11a58a9fcca3bc0653374fd1ab8ee8c8e6f7011a1fa6ec05c4a04ba8f4d9635d
990,MLII/9 Trigeminy/201m (1).mat,9 Trigeminy,training,201,b17c13298fb1e80c50defa642a696ea1be036fb931af08a01c734e04e6ab60b0
991,MLII/9 Trigeminy/201m (2).mat,9 Trigeminy,validation,201,563f13225a42bd1e25e33d0b1857584ca7b5e05a0af7879ef4fb1ebef3e3687f
992,MLII/9 Trigeminy/201m (3).mat,9 Trigeminy,validation,201,0b008adb2b6afa10f094301c06cf0ff12f099f8270c1703f3172803044bb3f6d
993,MLII/9 Trigeminy/201m (4).mat,9 Trigeminy,training,201,deb6bd474404609b183ba0831302524356a6adf1351f91562a993fa12d8a8762
994,MLII/9 Trigeminy/201m (5).mat,9 Trigeminy,training,201,ca6fbfc4304e8f9dbea537dd3f414065b3a757d0bd9eb3d70bee0d5dd9561900
995,MLII/9 Trigeminy/208m (0).mat,9 Trigeminy,training,208,89b972a4441b40b15204d04da4b15f420aaf7a2f7bcdfadc9eca5e8c849786a1
996,MLII/9 Trigeminy/208m (1).mat,9 Trigeminy,training,208,091b0d0bc509ba59ddc87230e27b51409ce5fb482a76f217e5b1d0a93ce860f3
997,MLII/9 Trigeminy/208m (2).mat,9 Trigeminy,validation,208,d35540b4c8fdce94e37a6ff6682af512296f9bed8b4aff81f4eee8399c28a777
998,MLII/9 Trigeminy/208m (3).mat,9 Trigeminy,training,208,18ab1772808e804fbba9628eef3798b06ce320d252d5e08c3b9d74f0aa5d6c65
999,MLII/9 Trigeminy/223m (0).mat,9 Trigeminy,training,223,74f8191f3a3b171d1e8c84f10b562fa1acb539e20f875c4c6da9cf25ca6c0e2a
